insight_id,recorded_at,recommendation_type,product_id,product_name,store_id,action_taken,outcome_status,learning_label,insight,recommended_adjustment,source
LEARN000001,2026-06-12T21:22:34,discount,P102,Bread,S3,approved,,neutral,No strong learning signal is available yet.,monitor future results before changing strategy,heuristic
LEARN000002,2026-06-12T21:22:34,discount,P103,Rice 1kg,S3,Updated selling price from 35.00 to 31.50 (10.00% discount).,executed,neutral,No strong learning signal is available yet.,monitor future results before changing strategy,heuristic
LEARN000003,2026-06-12T21:22:34,discount,P114,Tomatoes,S2,approved,,neutral,No strong learning signal is available yet.,monitor future results before changing strategy,heuristic
LEARN000004,2026-06-12T21:22:34,discount,P102,Bread,S3,approved,,neutral,No strong learning signal is available yet.,monitor future results before changing strategy,heuristic
LEARN000005,2026-06-12T21:22:34,discount,P103,Rice 1kg,S3,Updated selling price from 35.00 to 31.50 (10.00% discount).,executed,neutral,No strong learning signal is available yet.,monitor future results before changing strategy,heuristic
LEARN000006,2026-06-12T21:22:34,discount,P114,Tomatoes,S2,approved,,neutral,No strong learning signal is available yet.,monitor future results before changing strategy,heuristic
LEARN000007,2026-06-12T21:22:34,discount,P102,Bread,S3,approved,,neutral,No strong learning signal is available yet.,monitor future results before changing strategy,heuristic
LEARN000008,2026-06-12T21:22:34,discount,P103,Rice 1kg,S3,Updated selling price from 35.00 to 31.50 (10.00% discount).,executed,neutral,No strong learning signal is available yet.,monitor future results before changing strategy,heuristic
LEARN000009,2026-06-12T21:22:34,discount,P114,Tomatoes,S2,approved,,neutral,No strong learning signal is available yet.,monitor future results before changing strategy,heuristic
LEARN000010,2026-06-12T21:22:34,discount,P102,Bread,S3,approved,,neutral,No strong learning signal is available yet.,monitor future results before changing strategy,heuristic
LEARN000011,2026-06-12T21:22:34,discount,P103,Rice 1kg,S3,Updated selling price from 35.00 to 31.50 (10.00% discount).,executed,neutral,No strong learning signal is available yet.,monitor future results before changing strategy,heuristic
LEARN000012,2026-06-12T21:22:34,discount,P114,Tomatoes,S2,approved,,neutral,No strong learning signal is available yet.,monitor future results before changing strategy,heuristic
LEARN000013,2026-06-12T21:22:34,discount,P102,Bread,S3,approved,,neutral,No strong learning signal is available yet.,monitor future results before changing strategy,heuristic
LEARN000014,2026-06-12T21:22:34,discount,P103,Rice 1kg,S3,Updated selling price from 35.00 to 31.50 (10.00% discount).,executed,neutral,No strong learning signal is available yet.,monitor future results before changing strategy,heuristic
LEARN000015,2026-06-12T21:22:34,discount,P114,Tomatoes,S2,approved,,neutral,No strong learning signal is available yet.,monitor future results before changing strategy,heuristic
LEARN000016,2026-06-12T21:22:34,discount,P102,Bread,S3,approved,,neutral,No strong learning signal is available yet.,monitor future results before changing strategy,heuristic
LEARN000017,2026-06-12T21:22:34,discount,P103,Rice 1kg,S3,Updated selling price from 35.00 to 31.50 (10.00% discount).,executed,neutral,No strong learning signal is available yet.,monitor future results before changing strategy,heuristic
LEARN000018,2026-06-12T21:22:34,discount,P114,Tomatoes,S2,approved,,neutral,No strong learning signal is available yet.,monitor future results before changing strategy,heuristic
LEARN000019,2026-06-12T21:22:34,discount,P103,Rice 1kg,S2,approved,,neutral,No strong learning signal is available yet.,monitor future results before changing strategy,heuristic
LEARN000020,2026-06-12T21:22:34,discount,P103,Rice 1kg,S3,Updated selling price from 35.00 to 31.50 (10.00% discount).,executed,neutral,No strong learning signal is available yet.,monitor future results before changing strategy,heuristic
LEARN000021,2026-06-12T21:22:34,discount,P117,Chips,S1,approved,,neutral,No strong learning signal is available yet.,monitor future results before changing strategy,heuristic
LEARN000022,2026-06-12T21:22:34,discount,P102,Bread,S3,approved,,neutral,No strong learning signal is available yet.,monitor future results before changing strategy,heuristic
LEARN000023,2026-06-12T21:22:34,discount,P103,Rice 1kg,S3,Updated selling price from 35.00 to 31.50 (10.00% discount).,executed,neutral,No strong learning signal is available yet.,monitor future results before changing strategy,heuristic
LEARN000024,2026-06-12T21:22:34,discount,P114,Tomatoes,S2,approved,,neutral,No strong learning signal is available yet.,monitor future results before changing strategy,heuristic
LEARN000025,2026-06-12T21:22:34,discount,P103,Rice 1kg,S2,approved,,neutral,No strong learning signal is available yet.,monitor future results before changing strategy,heuristic
LEARN000026,2026-06-12T21:22:34,discount,P103,Rice 1kg,S3,Updated selling price from 35.00 to 31.50 (10.00% discount).,executed,neutral,No strong learning signal is available yet.,monitor future results before changing strategy,heuristic
LEARN000027,2026-06-12T21:22:34,discount,P116,Noodles Pack,S1,approved,,neutral,No strong learning signal is available yet.,monitor future results before changing strategy,heuristic
LEARN000028,2026-06-12T21:22:34,discount,P103,Rice 1kg,S2,approved,,neutral,No strong learning signal is available yet.,monitor future results before changing strategy,heuristic
LEARN000029,2026-06-12T21:22:34,discount,P103,Rice 1kg,S3,Updated selling price from 35.00 to 31.50 (10.00% discount).,executed,neutral,No strong learning signal is available yet.,monitor future results before changing strategy,heuristic
LEARN000030,2026-06-12T21:22:34,discount,P116,Noodles Pack,S1,approved,,neutral,No strong learning signal is available yet.,monitor future results before changing strategy,heuristic
LEARN000031,2026-06-12T21:22:34,discount,P103,Rice 1kg,S2,approved,,neutral,No strong learning signal is available yet.,monitor future results before changing strategy,heuristic
LEARN000032,2026-06-12T21:22:34,discount,P103,Rice 1kg,S3,Updated selling price from 35.00 to 31.50 (10.00% discount).,executed,neutral,No strong learning signal is available yet.,monitor future results before changing strategy,heuristic
LEARN000033,2026-06-12T21:22:34,discount,P116,Noodles Pack,S1,approved,,neutral,No strong learning signal is available yet.,monitor future results before changing strategy,heuristic
LEARN000034,2026-06-12T21:22:34,discount,P103,Rice 1kg,S2,approved,,neutral,No strong learning signal is available yet.,monitor future results before changing strategy,heuristic
LEARN000035,2026-06-12T21:22:34,discount,P103,Rice 1kg,S3,Updated selling price from 35.00 to 31.50 (10.00% discount).,executed,neutral,No strong learning signal is available yet.,monitor future results before changing strategy,heuristic
LEARN000036,2026-06-12T21:22:34,discount,P116,Noodles Pack,S1,approved,,neutral,No strong learning signal is available yet.,monitor future results before changing strategy,heuristic
LEARN000037,2026-06-12T21:22:34,discount,P103,Rice 1kg,S2,approved,,neutral,No strong learning signal is available yet.,monitor future results before changing strategy,heuristic
LEARN000038,2026-06-12T21:22:34,discount,P103,Rice 1kg,S3,Updated selling price from 35.00 to 31.50 (10.00% discount).,executed,neutral,No strong learning signal is available yet.,monitor future results before changing strategy,heuristic
LEARN000039,2026-06-12T21:22:34,discount,P116,Noodles Pack,S1,approved,,neutral,No strong learning signal is available yet.,monitor future results before changing strategy,heuristic
LEARN000040,2026-06-12T21:22:34,discount,P103,Rice 1kg,S2,approved,,neutral,No strong learning signal is available yet.,monitor future results before changing strategy,heuristic
LEARN000041,2026-06-12T21:22:34,discount,P103,Rice 1kg,S3,Updated selling price from 35.00 to 31.50 (10.00% discount).,executed,neutral,No strong learning signal is available yet.,monitor future results before changing strategy,heuristic
LEARN000042,2026-06-12T21:22:34,discount,P116,Noodles Pack,S1,approved,,neutral,No strong learning signal is available yet.,monitor future results before changing strategy,heuristic
LEARN000043,2026-06-12T21:22:34,discount,P103,Rice 1kg,S1,approved,,neutral,No strong learning signal is available yet.,monitor future results before changing strategy,heuristic
LEARN000044,2026-06-12T21:22:34,discount,P103,Rice 1kg,S2,Updated selling price from 35.00 to 31.50 (10.00% discount).,executed,neutral,No strong learning signal is available yet.,monitor future results before changing strategy,heuristic
LEARN000045,2026-06-12T21:22:34,discount,P114,Tomatoes,S1,approved,,neutral,No strong learning signal is available yet.,monitor future results before changing strategy,heuristic
LEARN000046,2026-06-12T21:22:34,reorder,P101,Milk,S3,Added 19 units to store S3 through procurement.,executed,neutral,No strong learning signal is available yet.,monitor future results before changing strategy,heuristic
LEARN000047,2026-06-12T21:22:34,reorder,P102,Bread,S1,Added 12 units to store S1 through procurement.,executed,neutral,No strong learning signal is available yet.,monitor future results before changing strategy,heuristic
LEARN000048,2026-06-12T21:22:34,reorder,P102,Bread,S2,Added 25 units to store S2 through procurement.,executed,neutral,No strong learning signal is available yet.,monitor future results before changing strategy,heuristic
LEARN000049,2026-06-12T21:22:34,reorder,P102,Bread,S3,Added 15 units to store S3 through procurement.,executed,neutral,No strong learning signal is available yet.,monitor future results before changing strategy,heuristic
LEARN000050,2026-06-12T21:22:34,reorder,P107,Soft Drink 1L,S1,Added 50 units to store S1 through procurement.,executed,neutral,No strong learning signal is available yet.,monitor future results before changing strategy,heuristic
LEARN000051,2026-06-12T21:22:34,reorder,P109,Curd,S3,Added 9 units to store S3 through procurement.,executed,neutral,No strong learning signal is available yet.,monitor future results before changing strategy,heuristic
LEARN000052,2026-06-12T21:22:34,reorder,P111,Cheese,S3,Added 9 units to store S3 through procurement.,executed,neutral,No strong learning signal is available yet.,monitor future results before changing strategy,heuristic
LEARN000053,2026-06-12T21:22:34,discount,P103,Rice 1kg,S1,approved,,neutral,No strong learning signal is available yet.,monitor future results before changing strategy,heuristic
LEARN000054,2026-06-12T21:22:34,discount,P103,Rice 1kg,S2,Updated selling price from 35.00 to 31.50 (10.00% discount).,executed,neutral,No strong learning signal is available yet.,monitor future results before changing strategy,heuristic
LEARN000055,2026-06-12T21:22:34,discount,P114,Tomatoes,S1,approved,,neutral,No strong learning signal is available yet.,monitor future results before changing strategy,heuristic
LEARN000056,2026-06-12T21:22:34,reorder,P101,Milk,S3,Added 19 units to store S3 through procurement.,executed,neutral,No strong learning signal is available yet.,monitor future results before changing strategy,heuristic
LEARN000057,2026-06-12T21:22:34,reorder,P102,Bread,S1,Added 12 units to store S1 through procurement.,executed,neutral,No strong learning signal is available yet.,monitor future results before changing strategy,heuristic
LEARN000058,2026-06-12T21:22:34,reorder,P102,Bread,S2,Added 25 units to store S2 through procurement.,executed,neutral,No strong learning signal is available yet.,monitor future results before changing strategy,heuristic
LEARN000059,2026-06-12T21:22:34,reorder,P102,Bread,S3,Added 15 units to store S3 through procurement.,executed,neutral,No strong learning signal is available yet.,monitor future results before changing strategy,heuristic
LEARN000060,2026-06-12T21:22:34,reorder,P107,Soft Drink 1L,S1,Added 50 units to store S1 through procurement.,executed,neutral,No strong learning signal is available yet.,monitor future results before changing strategy,heuristic
LEARN000061,2026-06-12T21:22:34,reorder,P109,Curd,S3,Added 9 units to store S3 through procurement.,executed,neutral,No strong learning signal is available yet.,monitor future results before changing strategy,heuristic
LEARN000062,2026-06-12T21:22:34,reorder,P111,Cheese,S3,Added 9 units to store S3 through procurement.,executed,neutral,No strong learning signal is available yet.,monitor future results before changing strategy,heuristic
LEARN000063,2026-06-12T21:22:34,discount,P103,Rice 1kg,S1,approved,,neutral,No strong learning signal is available yet.,monitor future results before changing strategy,heuristic
LEARN000064,2026-06-12T21:22:34,discount,P103,Rice 1kg,S2,Updated selling price from 35.00 to 31.50 (10.00% discount).,executed,neutral,No strong learning signal is available yet.,monitor future results before changing strategy,heuristic
LEARN000065,2026-06-12T21:22:34,discount,P114,Tomatoes,S1,approved,,neutral,No strong learning signal is available yet.,monitor future results before changing strategy,heuristic
LEARN000066,2026-06-12T21:22:34,reorder,P101,Milk,S3,Added 19 units to store S3 through procurement.,executed,neutral,No strong learning signal is available yet.,monitor future results before changing strategy,heuristic
LEARN000067,2026-06-12T21:22:34,reorder,P102,Bread,S1,Added 12 units to store S1 through procurement.,executed,neutral,No strong learning signal is available yet.,monitor future results before changing strategy,heuristic
LEARN000068,2026-06-12T21:22:34,reorder,P102,Bread,S2,Added 25 units to store S2 through procurement.,executed,neutral,No strong learning signal is available yet.,monitor future results before changing strategy,heuristic
LEARN000069,2026-06-12T21:22:34,reorder,P102,Bread,S3,Added 15 units to store S3 through procurement.,executed,neutral,No strong learning signal is available yet.,monitor future results before changing strategy,heuristic
LEARN000070,2026-06-12T21:22:34,reorder,P107,Soft Drink 1L,S1,Added 50 units to store S1 through procurement.,executed,neutral,No strong learning signal is available yet.,monitor future results before changing strategy,heuristic
LEARN000071,2026-06-12T21:22:34,reorder,P109,Curd,S3,Added 9 units to store S3 through procurement.,executed,neutral,No strong learning signal is available yet.,monitor future results before changing strategy,heuristic
LEARN000072,2026-06-12T21:22:34,reorder,P111,Cheese,S3,Added 9 units to store S3 through procurement.,executed,neutral,No strong learning signal is available yet.,monitor future results before changing strategy,heuristic
LEARN000073,2026-06-12T21:22:34,discount,P103,Rice 1kg,S1,approved,,neutral,No strong learning signal is available yet.,monitor future results before changing strategy,heuristic
LEARN000074,2026-06-12T21:22:34,discount,P103,Rice 1kg,S2,Updated selling price from 35.00 to 31.50 (10.00% discount).,executed,neutral,No strong learning signal is available yet.,monitor future results before changing strategy,heuristic
LEARN000075,2026-06-12T21:22:34,discount,P114,Tomatoes,S1,approved,,neutral,No strong learning signal is available yet.,monitor future results before changing strategy,heuristic
LEARN000076,2026-06-12T21:22:34,reorder,P101,Milk,S3,Added 19 units to store S3 through procurement.,executed,neutral,No strong learning signal is available yet.,monitor future results before changing strategy,heuristic
LEARN000077,2026-06-12T21:22:34,reorder,P102,Bread,S1,Added 12 units to store S1 through procurement.,executed,neutral,No strong learning signal is available yet.,monitor future results before changing strategy,heuristic
LEARN000078,2026-06-12T21:22:34,reorder,P102,Bread,S2,Added 25 units to store S2 through procurement.,executed,neutral,No strong learning signal is available yet.,monitor future results before changing strategy,heuristic
LEARN000079,2026-06-12T21:22:34,reorder,P102,Bread,S3,Added 15 units to store S3 through procurement.,executed,neutral,No strong learning signal is available yet.,monitor future results before changing strategy,heuristic
LEARN000080,2026-06-12T21:22:34,reorder,P104,Cooking Oil 1L,S1,Added 50 units to store S1 through procurement.,executed,neutral,No strong learning signal is available yet.,monitor future results before changing strategy,heuristic
LEARN000081,2026-06-12T21:22:34,reorder,P107,Soft Drink 1L,S1,Added 9 units to store S3 through procurement.,executed,neutral,No strong learning signal is available yet.,monitor future results before changing strategy,heuristic
LEARN000082,2026-06-12T21:22:34,reorder,P109,Curd,S3,Added 9 units to store S3 through procurement.,executed,neutral,No strong learning signal is available yet.,monitor future results before changing strategy,heuristic
LEARN000083,2026-06-12T21:22:34,discount,P102,Bread,S1,approved,,neutral,No strong learning signal is available yet.,monitor future results before changing strategy,heuristic
LEARN000084,2026-06-12T21:22:34,discount,P103,Rice 1kg,S1,Updated selling price from 35.00 to 31.50 (10.00% discount).,executed,neutral,No strong learning signal is available yet.,monitor future results before changing strategy,heuristic
LEARN000085,2026-06-12T21:22:34,discount,P106,Biscuits Pack,S3,approved,,neutral,No strong learning signal is available yet.,monitor future results before changing strategy,heuristic
LEARN000086,2026-06-12T21:22:34,discount,P103,Rice 1kg,S1,approved,,neutral,No strong learning signal is available yet.,monitor future results before changing strategy,heuristic
LEARN000087,2026-06-12T21:22:34,discount,P103,Rice 1kg,S2,Updated selling price from 35.00 to 31.50 (10.00% discount).,executed,neutral,No strong learning signal is available yet.,monitor future results before changing strategy,heuristic
LEARN000088,2026-06-12T21:22:34,discount,P114,Tomatoes,S1,approved,,neutral,No strong learning signal is available yet.,monitor future results before changing strategy,heuristic
LEARN000089,2026-06-12T21:22:34,clearance,P102,Bread,S1,approved,,neutral,No strong learning signal is available yet.,monitor future results before changing strategy,heuristic
LEARN000090,2026-06-12T21:22:34,discount,P103,Rice 1kg,S1,Updated selling price from 35.00 to 31.50 (10.00% discount).,executed,neutral,No strong learning signal is available yet.,monitor future results before changing strategy,heuristic
LEARN000091,2026-06-12T21:22:34,discount,P106,Biscuits Pack,S3,approved,,neutral,No strong learning signal is available yet.,monitor future results before changing strategy,heuristic
LEARN000092,2026-06-12T21:22:34,reorder,P112,Bananas,S3,Added 19 units to store S3 through procurement.,executed,neutral,No strong learning signal is available yet.,monitor future results before changing strategy,heuristic
LEARN000093,2026-06-12T21:22:34,reorder,P113,Apples,S1,Added 12 units to store S1 through procurement.,executed,neutral,No strong learning signal is available yet.,monitor future results before changing strategy,heuristic
LEARN000094,2026-06-12T21:22:34,reorder,P114,Tomatoes,S2,Added 25 units to store S2 through procurement.,executed,neutral,No strong learning signal is available yet.,monitor future results before changing strategy,heuristic
LEARN000095,2026-06-12T21:22:34,reorder,P114,Tomatoes,S3,Added 15 units to store S3 through procurement.,executed,neutral,No strong learning signal is available yet.,monitor future results before changing strategy,heuristic
LEARN000096,2026-06-12T21:22:34,reorder,P118,Ice Cream,S3,Added 50 units to store S1 through procurement.,executed,neutral,No strong learning signal is available yet.,monitor future results before changing strategy,heuristic
LEARN000097,2026-06-12T21:22:34,discount,P102,Bread,S1,approved,,neutral,No strong learning signal is available yet.,monitor future results before changing strategy,heuristic
LEARN000098,2026-06-12T21:22:34,discount,P103,Rice 1kg,S1,Updated selling price from 35.00 to 31.50 (10.00% discount).,executed,neutral,No strong learning signal is available yet.,monitor future results before changing strategy,heuristic
LEARN000099,2026-06-12T21:22:34,discount,P106,Biscuits Pack,S3,approved,,neutral,No strong learning signal is available yet.,monitor future results before changing strategy,heuristic
LEARN000100,2026-06-12T21:22:34,overstock_alert,P110,Butter,S2,Added 19 units to store S3 through procurement.,executed,neutral,No strong learning signal is available yet.,monitor future results before changing strategy,heuristic
LEARN000101,2026-06-12T21:22:34,overstock_alert,P111,Cheese,S1,Added 12 units to store S1 through procurement.,executed,neutral,No strong learning signal is available yet.,monitor future results before changing strategy,heuristic
LEARN000102,2026-06-12T21:22:34,overstock_alert,P111,Cheese,S3,Added 25 units to store S2 through procurement.,executed,neutral,No strong learning signal is available yet.,monitor future results before changing strategy,heuristic
LEARN000103,2026-06-12T21:22:34,overstock_alert,P112,Bananas,S1,Added 15 units to store S3 through procurement.,executed,neutral,No strong learning signal is available yet.,monitor future results before changing strategy,heuristic
LEARN000104,2026-06-12T21:22:34,overstock_alert,P114,Tomatoes,S1,Added 50 units to store S1 through procurement.,executed,neutral,No strong learning signal is available yet.,monitor future results before changing strategy,heuristic
LEARN000105,2026-06-12T21:22:34,overstock_alert,P115,Potatoes,S1,Added 9 units to store S3 through procurement.,executed,neutral,No strong learning signal is available yet.,monitor future results before changing strategy,heuristic
LEARN000106,2026-06-12T21:22:34,overstock_alert,P115,Potatoes,S3,Added 9 units to store S3 through procurement.,executed,neutral,No strong learning signal is available yet.,monitor future results before changing strategy,heuristic
LEARN000107,2026-06-12T21:22:34,discount,P108,Chocolates,S2,approved,,neutral,No strong learning signal is available yet.,monitor future results before changing strategy,heuristic
LEARN000108,2026-06-12T21:22:34,clearance,P109,Curd,S1,Updated selling price from 35.00 to 31.50 (10.00% discount).,executed,neutral,No strong learning signal is available yet.,monitor future results before changing strategy,heuristic
LEARN000109,2026-06-12T21:22:34,clearance,P115,Potatoes,S1,approved,,neutral,No strong learning signal is available yet.,monitor future results before changing strategy,heuristic
LEARN000110,2026-06-12T21:22:34,discount,P102,Bread,S1,approved,,neutral,No strong learning signal is available yet.,monitor future results before changing strategy,heuristic
LEARN000111,2026-06-12T21:22:34,discount,P103,Rice 1kg,S1,Updated selling price from 35.00 to 31.50 (10.00% discount).,executed,neutral,No strong learning signal is available yet.,monitor future results before changing strategy,heuristic
LEARN000112,2026-06-12T21:22:34,discount,P106,Biscuits Pack,S3,approved,,neutral,No strong learning signal is available yet.,monitor future results before changing strategy,heuristic
LEARN000113,2026-06-12T21:22:34,overstock_alert,P110,Butter,S2,Added 19 units to store S3 through procurement.,executed,neutral,No strong learning signal is available yet.,monitor future results before changing strategy,heuristic
LEARN000114,2026-06-12T21:22:34,overstock_alert,P111,Cheese,S1,Added 12 units to store S1 through procurement.,executed,neutral,No strong learning signal is available yet.,monitor future results before changing strategy,heuristic
LEARN000115,2026-06-12T21:22:34,overstock_alert,P111,Cheese,S3,Added 25 units to store S2 through procurement.,executed,neutral,No strong learning signal is available yet.,monitor future results before changing strategy,heuristic
LEARN000116,2026-06-12T21:22:34,overstock_alert,P112,Bananas,S1,Added 15 units to store S3 through procurement.,executed,neutral,No strong learning signal is available yet.,monitor future results before changing strategy,heuristic
LEARN000117,2026-06-12T21:22:34,overstock_alert,P114,Tomatoes,S1,Added 50 units to store S1 through procurement.,executed,neutral,No strong learning signal is available yet.,monitor future results before changing strategy,heuristic
LEARN000118,2026-06-12T21:22:34,overstock_alert,P115,Potatoes,S1,Added 9 units to store S3 through procurement.,executed,neutral,No strong learning signal is available yet.,monitor future results before changing strategy,heuristic
LEARN000119,2026-06-12T21:22:34,overstock_alert,P115,Potatoes,S3,Added 9 units to store S3 through procurement.,executed,neutral,No strong learning signal is available yet.,monitor future results before changing strategy,heuristic
LEARN000120,2026-06-12T21:22:34,discount,P102,Bread,S1,approved,,neutral,No strong learning signal is available yet.,monitor future results before changing strategy,heuristic
LEARN000121,2026-06-12T21:22:34,discount,P103,Rice 1kg,S1,Updated selling price from 35.00 to 31.50 (10.00% discount).,executed,neutral,No strong learning signal is available yet.,monitor future results before changing strategy,heuristic
LEARN000122,2026-06-12T21:22:34,discount,P106,Biscuits Pack,S3,approved,,neutral,No strong learning signal is available yet.,monitor future results before changing strategy,heuristic
LEARN000123,2026-06-12T21:22:34,overstock_alert,P110,Butter,S2,Added 19 units to store S3 through procurement.,executed,neutral,No strong learning signal is available yet.,monitor future results before changing strategy,heuristic
LEARN000124,2026-06-12T21:22:34,overstock_alert,P111,Cheese,S1,Added 12 units to store S1 through procurement.,executed,neutral,No strong learning signal is available yet.,monitor future results before changing strategy,heuristic
LEARN000125,2026-06-12T21:22:34,overstock_alert,P111,Cheese,S3,Added 25 units to store S2 through procurement.,executed,neutral,No strong learning signal is available yet.,monitor future results before changing strategy,heuristic
LEARN000126,2026-06-12T21:22:34,overstock_alert,P112,Bananas,S1,Added 15 units to store S3 through procurement.,executed,neutral,No strong learning signal is available yet.,monitor future results before changing strategy,heuristic
LEARN000127,2026-06-12T21:22:34,overstock_alert,P114,Tomatoes,S1,Added 50 units to store S1 through procurement.,executed,neutral,No strong learning signal is available yet.,monitor future results before changing strategy,heuristic
LEARN000128,2026-06-12T21:22:34,overstock_alert,P115,Potatoes,S1,Added 9 units to store S3 through procurement.,executed,neutral,No strong learning signal is available yet.,monitor future results before changing strategy,heuristic
LEARN000129,2026-06-12T21:22:34,overstock_alert,P115,Potatoes,S3,Added 9 units to store S3 through procurement.,executed,neutral,No strong learning signal is available yet.,monitor future results before changing strategy,heuristic
LEARN000130,2026-06-12T21:22:34,discount,P102,Bread,S1,approved,,neutral,No strong learning signal is available yet.,monitor future results before changing strategy,heuristic
LEARN000131,2026-06-12T21:22:34,discount,P103,Rice 1kg,S1,Updated selling price from 35.00 to 31.50 (10.00% discount).,executed,neutral,No strong learning signal is available yet.,monitor future results before changing strategy,heuristic
LEARN000132,2026-06-12T21:22:34,discount,P106,Biscuits Pack,S3,approved,,neutral,No strong learning signal is available yet.,monitor future results before changing strategy,heuristic
LEARN000133,2026-06-12T21:22:34,overstock_alert,P110,Butter,S2,Added 19 units to store S3 through procurement.,executed,neutral,No strong learning signal is available yet.,monitor future results before changing strategy,heuristic
LEARN000134,2026-06-12T21:22:34,overstock_alert,P111,Cheese,S1,Added 12 units to store S1 through procurement.,executed,neutral,No strong learning signal is available yet.,monitor future results before changing strategy,heuristic
LEARN000135,2026-06-12T21:22:34,overstock_alert,P111,Cheese,S3,Added 25 units to store S2 through procurement.,executed,neutral,No strong learning signal is available yet.,monitor future results before changing strategy,heuristic
LEARN000136,2026-06-12T21:22:34,overstock_alert,P112,Bananas,S1,Added 15 units to store S3 through procurement.,executed,neutral,No strong learning signal is available yet.,monitor future results before changing strategy,heuristic
LEARN000137,2026-06-12T21:22:34,overstock_alert,P114,Tomatoes,S1,Added 50 units to store S1 through procurement.,executed,neutral,No strong learning signal is available yet.,monitor future results before changing strategy,heuristic
LEARN000138,2026-06-12T21:22:34,overstock_alert,P115,Potatoes,S1,Added 9 units to store S3 through procurement.,executed,neutral,No strong learning signal is available yet.,monitor future results before changing strategy,heuristic
LEARN000139,2026-06-12T21:22:34,overstock_alert,P115,Potatoes,S3,Added 9 units to store S3 through procurement.,executed,neutral,No strong learning signal is available yet.,monitor future results before changing strategy,heuristic
LEARN000140,2026-06-12T21:22:34,discount,P102,Bread,S1,approved,,neutral,No strong learning signal is available yet.,monitor future results before changing strategy,heuristic
LEARN000141,2026-06-12T21:22:34,discount,P103,Rice 1kg,S1,Updated selling price from 35.00 to 31.50 (10.00% discount).,executed,neutral,No strong learning signal is available yet.,monitor future results before changing strategy,heuristic
LEARN000142,2026-06-12T21:22:34,discount,P106,Biscuits Pack,S3,approved,,neutral,No strong learning signal is available yet.,monitor future results before changing strategy,heuristic
LEARN000143,2026-06-12T21:22:34,overstock_alert,P110,Butter,S2,Added 19 units to store S3 through procurement.,executed,neutral,No strong learning signal is available yet.,monitor future results before changing strategy,heuristic
LEARN000144,2026-06-12T21:22:34,overstock_alert,P111,Cheese,S1,Added 12 units to store S1 through procurement.,executed,neutral,No strong learning signal is available yet.,monitor future results before changing strategy,heuristic
LEARN000145,2026-06-12T21:22:34,overstock_alert,P111,Cheese,S3,Added 25 units to store S2 through procurement.,executed,neutral,No strong learning signal is available yet.,monitor future results before changing strategy,heuristic
LEARN000146,2026-06-12T21:22:34,overstock_alert,P112,Bananas,S1,Added 15 units to store S3 through procurement.,executed,neutral,No strong learning signal is available yet.,monitor future results before changing strategy,heuristic
LEARN000147,2026-06-12T21:22:34,overstock_alert,P114,Tomatoes,S1,Added 50 units to store S1 through procurement.,executed,neutral,No strong learning signal is available yet.,monitor future results before changing strategy,heuristic
LEARN000148,2026-06-12T21:22:34,overstock_alert,P115,Potatoes,S1,Added 9 units to store S3 through procurement.,executed,neutral,No strong learning signal is available yet.,monitor future results before changing strategy,heuristic
LEARN000149,2026-06-12T21:22:34,overstock_alert,P115,Potatoes,S3,Added 9 units to store S3 through procurement.,executed,neutral,No strong learning signal is available yet.,monitor future results before changing strategy,heuristic
LEARN000150,2026-06-12T21:22:34,discount,P102,Bread,S1,approved,,neutral,No strong learning signal is available yet.,monitor future results before changing strategy,heuristic
LEARN000151,2026-06-12T21:22:34,discount,P103,Rice 1kg,S1,Updated selling price from 35.00 to 31.50 (10.00% discount).,executed,neutral,No strong learning signal is available yet.,monitor future results before changing strategy,heuristic
LEARN000152,2026-06-12T21:22:34,discount,P106,Biscuits Pack,S3,approved,,neutral,No strong learning signal is available yet.,monitor future results before changing strategy,heuristic
LEARN000153,2026-06-12T21:22:34,overstock_alert,P110,Butter,S2,Added 19 units to store S3 through procurement.,executed,neutral,No strong learning signal is available yet.,monitor future results before changing strategy,heuristic
LEARN000154,2026-06-12T21:22:34,overstock_alert,P111,Cheese,S1,Added 12 units to store S1 through procurement.,executed,neutral,No strong learning signal is available yet.,monitor future results before changing strategy,heuristic
LEARN000155,2026-06-12T21:22:34,overstock_alert,P111,Cheese,S3,Added 25 units to store S2 through procurement.,executed,neutral,No strong learning signal is available yet.,monitor future results before changing strategy,heuristic
LEARN000156,2026-06-12T21:22:34,overstock_alert,P112,Bananas,S1,Added 15 units to store S3 through procurement.,executed,neutral,No strong learning signal is available yet.,monitor future results before changing strategy,heuristic
LEARN000157,2026-06-12T21:22:34,overstock_alert,P114,Tomatoes,S1,Added 50 units to store S1 through procurement.,executed,neutral,No strong learning signal is available yet.,monitor future results before changing strategy,heuristic
LEARN000158,2026-06-12T21:22:34,overstock_alert,P115,Potatoes,S1,Added 9 units to store S3 through procurement.,executed,neutral,No strong learning signal is available yet.,monitor future results before changing strategy,heuristic
LEARN000159,2026-06-12T21:22:34,overstock_alert,P115,Potatoes,S3,Added 9 units to store S3 through procurement.,executed,neutral,No strong learning signal is available yet.,monitor future results before changing strategy,heuristic
LEARN000160,2026-06-12T21:22:34,discount,P102,Bread,S1,approved,,neutral,No strong learning signal is available yet.,monitor future results before changing strategy,heuristic
LEARN000161,2026-06-12T21:22:34,discount,P103,Rice 1kg,S1,Updated selling price from 35.00 to 31.50 (10.00% discount).,executed,neutral,No strong learning signal is available yet.,monitor future results before changing strategy,heuristic
LEARN000162,2026-06-12T21:22:34,discount,P106,Biscuits Pack,S3,approved,,neutral,No strong learning signal is available yet.,monitor future results before changing strategy,heuristic
LEARN000163,2026-06-12T21:22:34,overstock_alert,P110,Butter,S2,Added 19 units to store S3 through procurement.,executed,neutral,No strong learning signal is available yet.,monitor future results before changing strategy,heuristic
LEARN000164,2026-06-12T21:22:34,overstock_alert,P111,Cheese,S1,Added 12 units to store S1 through procurement.,executed,neutral,No strong learning signal is available yet.,monitor future results before changing strategy,heuristic
LEARN000165,2026-06-12T21:22:34,overstock_alert,P111,Cheese,S3,Added 25 units to store S2 through procurement.,executed,neutral,No strong learning signal is available yet.,monitor future results before changing strategy,heuristic
LEARN000166,2026-06-12T21:22:34,overstock_alert,P112,Bananas,S1,Added 15 units to store S3 through procurement.,executed,neutral,No strong learning signal is available yet.,monitor future results before changing strategy,heuristic
LEARN000167,2026-06-12T21:22:34,overstock_alert,P114,Tomatoes,S1,Added 50 units to store S1 through procurement.,executed,neutral,No strong learning signal is available yet.,monitor future results before changing strategy,heuristic
LEARN000168,2026-06-12T21:22:34,overstock_alert,P115,Potatoes,S1,Added 9 units to store S3 through procurement.,executed,neutral,No strong learning signal is available yet.,monitor future results before changing strategy,heuristic
LEARN000169,2026-06-12T21:22:34,overstock_alert,P115,Potatoes,S3,Added 9 units to store S3 through procurement.,executed,neutral,No strong learning signal is available yet.,monitor future results before changing strategy,heuristic
LEARN000170,2026-06-12T21:22:34,discount,P102,Bread,S1,approved,,neutral,No strong learning signal is available yet.,monitor future results before changing strategy,heuristic
LEARN000171,2026-06-12T21:22:34,discount,P103,Rice 1kg,S1,Updated selling price from 35.00 to 31.50 (10.00% discount).,executed,neutral,No strong learning signal is available yet.,monitor future results before changing strategy,heuristic
LEARN000172,2026-06-12T21:22:34,discount,P106,Biscuits Pack,S3,approved,,neutral,No strong learning signal is available yet.,monitor future results before changing strategy,heuristic
LEARN000173,2026-06-12T21:22:34,overstock_alert,P110,Butter,S2,Added 19 units to store S3 through procurement.,executed,neutral,No strong learning signal is available yet.,monitor future results before changing strategy,heuristic
LEARN000174,2026-06-12T21:22:34,overstock_alert,P111,Cheese,S1,Added 12 units to store S1 through procurement.,executed,neutral,No strong learning signal is available yet.,monitor future results before changing strategy,heuristic
LEARN000175,2026-06-12T21:22:34,overstock_alert,P111,Cheese,S3,Added 25 units to store S2 through procurement.,executed,neutral,No strong learning signal is available yet.,monitor future results before changing strategy,heuristic
LEARN000176,2026-06-12T21:22:34,overstock_alert,P112,Bananas,S1,Added 15 units to store S3 through procurement.,executed,neutral,No strong learning signal is available yet.,monitor future results before changing strategy,heuristic
LEARN000177,2026-06-12T21:22:34,overstock_alert,P114,Tomatoes,S1,Added 50 units to store S1 through procurement.,executed,neutral,No strong learning signal is available yet.,monitor future results before changing strategy,heuristic
LEARN000178,2026-06-12T21:22:34,overstock_alert,P115,Potatoes,S1,Added 9 units to store S3 through procurement.,executed,neutral,No strong learning signal is available yet.,monitor future results before changing strategy,heuristic
LEARN000179,2026-06-12T21:22:34,overstock_alert,P115,Potatoes,S3,Added 9 units to store S3 through procurement.,executed,neutral,No strong learning signal is available yet.,monitor future results before changing strategy,heuristic
LEARN000180,2026-06-12T21:22:34,discount,P102,Bread,S1,approved,,neutral,No strong learning signal is available yet.,monitor future results before changing strategy,heuristic
LEARN000181,2026-06-12T21:22:34,discount,P103,Rice 1kg,S1,Updated selling price from 35.00 to 31.50 (10.00% discount).,executed,neutral,No strong learning signal is available yet.,monitor future results before changing strategy,heuristic
LEARN000182,2026-06-12T21:22:34,discount,P106,Biscuits Pack,S3,approved,,neutral,No strong learning signal is available yet.,monitor future results before changing strategy,heuristic
LEARN000183,2026-06-12T21:22:34,overstock_alert,P110,Butter,S2,Added 19 units to store S3 through procurement.,executed,neutral,No strong learning signal is available yet.,monitor future results before changing strategy,heuristic
LEARN000184,2026-06-12T21:22:34,overstock_alert,P111,Cheese,S1,Added 12 units to store S1 through procurement.,executed,neutral,No strong learning signal is available yet.,monitor future results before changing strategy,heuristic
LEARN000185,2026-06-12T21:22:34,overstock_alert,P111,Cheese,S3,Added 25 units to store S2 through procurement.,executed,neutral,No strong learning signal is available yet.,monitor future results before changing strategy,heuristic
LEARN000186,2026-06-12T21:22:34,overstock_alert,P112,Bananas,S1,Added 15 units to store S3 through procurement.,executed,neutral,No strong learning signal is available yet.,monitor future results before changing strategy,heuristic
LEARN000187,2026-06-12T21:22:34,overstock_alert,P114,Tomatoes,S1,Added 50 units to store S1 through procurement.,executed,neutral,No strong learning signal is available yet.,monitor future results before changing strategy,heuristic
LEARN000188,2026-06-12T21:22:34,overstock_alert,P115,Potatoes,S1,Added 9 units to store S3 through procurement.,executed,neutral,No strong learning signal is available yet.,monitor future results before changing strategy,heuristic
LEARN000189,2026-06-12T21:22:34,overstock_alert,P115,Potatoes,S3,Added 9 units to store S3 through procurement.,executed,neutral,No strong learning signal is available yet.,monitor future results before changing strategy,heuristic
LEARN000190,2026-06-12T21:22:34,discount,P102,Bread,S1,approved,,neutral,No strong learning signal is available yet.,monitor future results before changing strategy,heuristic
LEARN000191,2026-06-12T21:22:34,discount,P103,Rice 1kg,S1,Updated selling price from 35.00 to 31.50 (10.00% discount).,executed,neutral,No strong learning signal is available yet.,monitor future results before changing strategy,heuristic
LEARN000192,2026-06-12T21:22:34,discount,P106,Biscuits Pack,S3,approved,,neutral,No strong learning signal is available yet.,monitor future results before changing strategy,heuristic
LEARN000193,2026-06-12T21:22:34,overstock_alert,P110,Butter,S2,Added 19 units to store S3 through procurement.,executed,neutral,No strong learning signal is available yet.,monitor future results before changing strategy,heuristic
LEARN000194,2026-06-12T21:22:34,overstock_alert,P111,Cheese,S1,Added 12 units to store S1 through procurement.,executed,neutral,No strong learning signal is available yet.,monitor future results before changing strategy,heuristic
LEARN000195,2026-06-12T21:22:34,overstock_alert,P111,Cheese,S3,Added 25 units to store S2 through procurement.,executed,neutral,No strong learning signal is available yet.,monitor future results before changing strategy,heuristic
LEARN000196,2026-06-12T21:22:34,overstock_alert,P112,Bananas,S1,Added 15 units to store S3 through procurement.,executed,neutral,No strong learning signal is available yet.,monitor future results before changing strategy,heuristic
LEARN000197,2026-06-12T21:22:34,overstock_alert,P114,Tomatoes,S1,Added 50 units to store S1 through procurement.,executed,neutral,No strong learning signal is available yet.,monitor future results before changing strategy,heuristic
LEARN000198,2026-06-12T21:22:34,overstock_alert,P115,Potatoes,S1,Added 9 units to store S3 through procurement.,executed,neutral,No strong learning signal is available yet.,monitor future results before changing strategy,heuristic
LEARN000199,2026-06-12T21:22:34,overstock_alert,P115,Potatoes,S3,Added 9 units to store S3 through procurement.,executed,neutral,No strong learning signal is available yet.,monitor future results before changing strategy,heuristic
LEARN000200,2026-06-12T21:22:34,discount,P102,Bread,S1,approved,,neutral,No strong learning signal is available yet.,monitor future results before changing strategy,heuristic
LEARN000201,2026-06-12T21:22:34,discount,P103,Rice 1kg,S1,Updated selling price from 35.00 to 31.50 (10.00% discount).,executed,neutral,No strong learning signal is available yet.,monitor future results before changing strategy,heuristic
LEARN000202,2026-06-12T21:22:34,discount,P106,Biscuits Pack,S3,approved,,neutral,No strong learning signal is available yet.,monitor future results before changing strategy,heuristic
LEARN000203,2026-06-12T21:22:34,overstock_alert,P110,Butter,S2,Added 19 units to store S3 through procurement.,executed,neutral,No strong learning signal is available yet.,monitor future results before changing strategy,heuristic
LEARN000204,2026-06-12T21:22:34,overstock_alert,P111,Cheese,S1,Added 12 units to store S1 through procurement.,executed,neutral,No strong learning signal is available yet.,monitor future results before changing strategy,heuristic
LEARN000205,2026-06-12T21:22:34,overstock_alert,P111,Cheese,S3,Added 25 units to store S2 through procurement.,executed,neutral,No strong learning signal is available yet.,monitor future results before changing strategy,heuristic
LEARN000206,2026-06-12T21:22:34,overstock_alert,P112,Bananas,S1,Added 15 units to store S3 through procurement.,executed,neutral,No strong learning signal is available yet.,monitor future results before changing strategy,heuristic
LEARN000207,2026-06-12T21:22:34,overstock_alert,P114,Tomatoes,S1,Added 50 units to store S1 through procurement.,executed,neutral,No strong learning signal is available yet.,monitor future results before changing strategy,heuristic
LEARN000208,2026-06-12T21:22:34,overstock_alert,P115,Potatoes,S1,Added 9 units to store S3 through procurement.,executed,neutral,No strong learning signal is available yet.,monitor future results before changing strategy,heuristic
LEARN000209,2026-06-12T21:22:34,overstock_alert,P115,Potatoes,S3,Added 9 units to store S3 through procurement.,executed,neutral,No strong learning signal is available yet.,monitor future results before changing strategy,heuristic
LEARN000210,2026-06-12T21:22:34,discount,P102,Bread,S1,approved,,neutral,No strong learning signal is available yet.,monitor future results before changing strategy,heuristic
LEARN000211,2026-06-12T21:22:34,discount,P103,Rice 1kg,S1,Updated selling price from 35.00 to 31.50 (10.00% discount).,executed,neutral,No strong learning signal is available yet.,monitor future results before changing strategy,heuristic
LEARN000212,2026-06-12T21:22:34,discount,P106,Biscuits Pack,S3,approved,,neutral,No strong learning signal is available yet.,monitor future results before changing strategy,heuristic
LEARN000213,2026-06-12T21:22:34,overstock_alert,P110,Butter,S2,Added 19 units to store S3 through procurement.,executed,neutral,No strong learning signal is available yet.,monitor future results before changing strategy,heuristic
LEARN000214,2026-06-12T21:22:34,overstock_alert,P111,Cheese,S1,Added 12 units to store S1 through procurement.,executed,neutral,No strong learning signal is available yet.,monitor future results before changing strategy,heuristic
LEARN000215,2026-06-12T21:22:34,overstock_alert,P111,Cheese,S3,Added 25 units to store S2 through procurement.,executed,neutral,No strong learning signal is available yet.,monitor future results before changing strategy,heuristic
LEARN000216,2026-06-12T21:22:34,overstock_alert,P112,Bananas,S1,Added 15 units to store S3 through procurement.,executed,neutral,No strong learning signal is available yet.,monitor future results before changing strategy,heuristic
LEARN000217,2026-06-12T21:22:34,overstock_alert,P114,Tomatoes,S1,Added 50 units to store S1 through procurement.,executed,neutral,No strong learning signal is available yet.,monitor future results before changing strategy,heuristic
LEARN000218,2026-06-12T21:22:34,overstock_alert,P115,Potatoes,S1,Added 9 units to store S3 through procurement.,executed,neutral,No strong learning signal is available yet.,monitor future results before changing strategy,heuristic
LEARN000219,2026-06-12T21:22:34,overstock_alert,P115,Potatoes,S3,Added 9 units to store S3 through procurement.,executed,neutral,No strong learning signal is available yet.,monitor future results before changing strategy,heuristic
LEARN000220,2026-06-12T21:22:34,discount,P102,Bread,S1,approved,,neutral,No strong learning signal is available yet.,monitor future results before changing strategy,heuristic
LEARN000221,2026-06-12T21:22:34,discount,P103,Rice 1kg,S1,Updated selling price from 35.00 to 31.50 (10.00% discount).,executed,neutral,No strong learning signal is available yet.,monitor future results before changing strategy,heuristic
LEARN000222,2026-06-12T21:22:34,discount,P106,Biscuits Pack,S3,approved,,neutral,No strong learning signal is available yet.,monitor future results before changing strategy,heuristic
LEARN000223,2026-06-12T21:22:34,overstock_alert,P110,Butter,S2,Added 19 units to store S3 through procurement.,executed,neutral,No strong learning signal is available yet.,monitor future results before changing strategy,heuristic
LEARN000224,2026-06-12T21:22:34,overstock_alert,P111,Cheese,S1,Added 12 units to store S1 through procurement.,executed,neutral,No strong learning signal is available yet.,monitor future results before changing strategy,heuristic
LEARN000225,2026-06-12T21:22:34,overstock_alert,P111,Cheese,S3,Added 25 units to store S2 through procurement.,executed,neutral,No strong learning signal is available yet.,monitor future results before changing strategy,heuristic
LEARN000226,2026-06-12T21:22:34,overstock_alert,P112,Bananas,S1,Added 15 units to store S3 through procurement.,executed,neutral,No strong learning signal is available yet.,monitor future results before changing strategy,heuristic
LEARN000227,2026-06-12T21:22:34,overstock_alert,P114,Tomatoes,S1,Added 50 units to store S1 through procurement.,executed,neutral,No strong learning signal is available yet.,monitor future results before changing strategy,heuristic
LEARN000228,2026-06-12T21:22:34,overstock_alert,P115,Potatoes,S1,Added 9 units to store S3 through procurement.,executed,neutral,No strong learning signal is available yet.,monitor future results before changing strategy,heuristic
LEARN000229,2026-06-12T21:22:34,overstock_alert,P115,Potatoes,S3,Added 9 units to store S3 through procurement.,executed,neutral,No strong learning signal is available yet.,monitor future results before changing strategy,heuristic
LEARN000230,2026-06-12T21:22:34,discount,P102,Bread,S1,approved,,neutral,No strong learning signal is available yet.,monitor future results before changing strategy,heuristic
LEARN000231,2026-06-12T21:22:34,discount,P102,Bread,S2,Updated selling price from 35.00 to 31.50 (10.00% discount).,executed,neutral,No strong learning signal is available yet.,monitor future results before changing strategy,heuristic
LEARN000232,2026-06-12T21:22:34,discount,P106,Biscuits Pack,S3,approved,,neutral,No strong learning signal is available yet.,monitor future results before changing strategy,heuristic
LEARN000233,2026-06-12T21:22:34,overstock_alert,P117,Chips,S3,Added 19 units to store S3 through procurement.,executed,neutral,No strong learning signal is available yet.,monitor future results before changing strategy,heuristic
LEARN000234,2026-06-12T21:22:34,overstock_alert,P119,Tea Powder,S1,Added 12 units to store S1 through procurement.,executed,neutral,No strong learning signal is available yet.,monitor future results before changing strategy,heuristic
LEARN000235,2026-06-12T21:22:34,overstock_alert,P119,Tea Powder,S2,Added 25 units to store S2 through procurement.,executed,neutral,No strong learning signal is available yet.,monitor future results before changing strategy,heuristic
LEARN000236,2026-06-12T21:22:34,overstock_alert,P119,Tea Powder,S3,Added 15 units to store S3 through procurement.,executed,neutral,No strong learning signal is available yet.,monitor future results before changing strategy,heuristic
LEARN000237,2026-06-12T21:22:34,overstock_alert,P120,Coffee Powder,S1,Added 50 units to store S1 through procurement.,executed,neutral,No strong learning signal is available yet.,monitor future results before changing strategy,heuristic
LEARN000238,2026-06-12T21:22:34,overstock_alert,P120,Coffee Powder,S2,Added 9 units to store S3 through procurement.,executed,neutral,No strong learning signal is available yet.,monitor future results before changing strategy,heuristic
LEARN000239,2026-06-12T21:22:34,overstock_alert,P120,Coffee Powder,S3,Added 9 units to store S3 through procurement.,executed,neutral,No strong learning signal is available yet.,monitor future results before changing strategy,heuristic
LEARN000240,2026-06-12T21:22:34,discount,P102,Bread,S1,approved,,neutral,No strong learning signal is available yet.,monitor future results before changing strategy,heuristic
LEARN000241,2026-06-12T21:22:34,discount,P102,Bread,S2,Updated selling price from 35.00 to 31.50 (10.00% discount).,executed,neutral,No strong learning signal is available yet.,monitor future results before changing strategy,heuristic
LEARN000242,2026-06-12T21:22:34,discount,P106,Biscuits Pack,S3,approved,,neutral,No strong learning signal is available yet.,monitor future results before changing strategy,heuristic
LEARN000243,2026-06-12T21:22:34,overstock_alert,P117,Chips,S3,Added 19 units to store S3 through procurement.,executed,neutral,No strong learning signal is available yet.,monitor future results before changing strategy,heuristic
LEARN000244,2026-06-12T21:22:34,overstock_alert,P119,Tea Powder,S1,Added 12 units to store S1 through procurement.,executed,neutral,No strong learning signal is available yet.,monitor future results before changing strategy,heuristic
LEARN000245,2026-06-12T21:22:34,overstock_alert,P119,Tea Powder,S2,Added 25 units to store S2 through procurement.,executed,neutral,No strong learning signal is available yet.,monitor future results before changing strategy,heuristic
LEARN000246,2026-06-12T21:22:34,overstock_alert,P119,Tea Powder,S3,Added 15 units to store S3 through procurement.,executed,neutral,No strong learning signal is available yet.,monitor future results before changing strategy,heuristic
LEARN000247,2026-06-12T21:22:34,overstock_alert,P120,Coffee Powder,S1,Added 50 units to store S1 through procurement.,executed,neutral,No strong learning signal is available yet.,monitor future results before changing strategy,heuristic
LEARN000248,2026-06-12T21:22:34,overstock_alert,P120,Coffee Powder,S2,Added 9 units to store S3 through procurement.,executed,neutral,No strong learning signal is available yet.,monitor future results before changing strategy,heuristic
LEARN000249,2026-06-12T21:22:34,overstock_alert,P120,Coffee Powder,S3,Added 9 units to store S3 through procurement.,executed,neutral,No strong learning signal is available yet.,monitor future results before changing strategy,heuristic
LEARN000250,2026-06-12T21:22:34,discount,P102,Bread,S1,approved,,neutral,No strong learning signal is available yet.,monitor future results before changing strategy,heuristic
LEARN000251,2026-06-12T21:22:34,discount,P102,Bread,S2,Updated selling price from 35.00 to 31.50 (10.00% discount).,executed,neutral,No strong learning signal is available yet.,monitor future results before changing strategy,heuristic
LEARN000252,2026-06-12T21:22:34,discount,P106,Biscuits Pack,S3,approved,,neutral,No strong learning signal is available yet.,monitor future results before changing strategy,heuristic
LEARN000253,2026-06-12T21:22:34,overstock_alert,P114,Tomatoes,S3,Added 19 units to store S3 through procurement.,executed,neutral,No strong learning signal is available yet.,monitor future results before changing strategy,heuristic
LEARN000254,2026-06-12T21:22:34,overstock_alert,P115,Potatoes,S1,Added 12 units to store S1 through procurement.,executed,neutral,No strong learning signal is available yet.,monitor future results before changing strategy,heuristic
LEARN000255,2026-06-12T21:22:34,overstock_alert,P116,Noodles Pack,S1,Added 25 units to store S2 through procurement.,executed,neutral,No strong learning signal is available yet.,monitor future results before changing strategy,heuristic
LEARN000256,2026-06-12T21:22:34,overstock_alert,P116,Noodles Pack,S2,Added 15 units to store S3 through procurement.,executed,neutral,No strong learning signal is available yet.,monitor future results before changing strategy,heuristic
LEARN000257,2026-06-12T21:22:34,overstock_alert,P116,Noodles Pack,S3,Added 50 units to store S1 through procurement.,executed,neutral,No strong learning signal is available yet.,monitor future results before changing strategy,heuristic
LEARN000258,2026-06-12T21:22:34,overstock_alert,P117,Chips,S1,Added 9 units to store S3 through procurement.,executed,neutral,No strong learning signal is available yet.,monitor future results before changing strategy,heuristic
LEARN000259,2026-06-12T21:22:34,overstock_alert,P117,Chips,S2,Added 9 units to store S3 through procurement.,executed,neutral,No strong learning signal is available yet.,monitor future results before changing strategy,heuristic
LEARN000260,2026-06-12T21:22:34,discount,P102,Bread,S1,approved,,neutral,No strong learning signal is available yet.,monitor future results before changing strategy,heuristic
LEARN000261,2026-06-12T21:22:34,discount,P102,Bread,S2,Updated selling price from 35.00 to 31.50 (10.00% discount).,executed,neutral,No strong learning signal is available yet.,monitor future results before changing strategy,heuristic
LEARN000262,2026-06-12T21:22:34,discount,P106,Biscuits Pack,S3,approved,,neutral,No strong learning signal is available yet.,monitor future results before changing strategy,heuristic
LEARN000263,2026-06-12T21:22:34,overstock_alert,P114,Tomatoes,S3,Added 19 units to store S3 through procurement.,executed,neutral,No strong learning signal is available yet.,monitor future results before changing strategy,heuristic
LEARN000264,2026-06-12T21:22:34,overstock_alert,P115,Potatoes,S1,Added 12 units to store S1 through procurement.,executed,neutral,No strong learning signal is available yet.,monitor future results before changing strategy,heuristic
LEARN000265,2026-06-12T21:22:34,overstock_alert,P116,Noodles Pack,S1,Added 25 units to store S2 through procurement.,executed,neutral,No strong learning signal is available yet.,monitor future results before changing strategy,heuristic
LEARN000266,2026-06-12T21:22:34,overstock_alert,P116,Noodles Pack,S2,Added 15 units to store S3 through procurement.,executed,neutral,No strong learning signal is available yet.,monitor future results before changing strategy,heuristic
LEARN000267,2026-06-12T21:22:34,overstock_alert,P116,Noodles Pack,S3,Added 50 units to store S1 through procurement.,executed,neutral,No strong learning signal is available yet.,monitor future results before changing strategy,heuristic
LEARN000268,2026-06-12T21:22:34,overstock_alert,P117,Chips,S1,Added 9 units to store S3 through procurement.,executed,neutral,No strong learning signal is available yet.,monitor future results before changing strategy,heuristic
LEARN000269,2026-06-12T21:22:34,overstock_alert,P117,Chips,S2,Added 9 units to store S3 through procurement.,executed,neutral,No strong learning signal is available yet.,monitor future results before changing strategy,heuristic
LEARN000270,2026-06-12T21:22:34,discount,P102,Bread,S1,approved,,neutral,No strong learning signal is available yet.,monitor future results before changing strategy,heuristic
LEARN000271,2026-06-12T21:22:34,discount,P102,Bread,S2,Updated selling price from 35.00 to 31.50 (10.00% discount).,executed,neutral,No strong learning signal is available yet.,monitor future results before changing strategy,heuristic
LEARN000272,2026-06-12T21:22:34,discount,P106,Biscuits Pack,S3,approved,,neutral,No strong learning signal is available yet.,monitor future results before changing strategy,heuristic
LEARN000273,2026-06-12T21:22:34,overstock_alert,P111,Cheese,S1,Added 19 units to store S3 through procurement.,executed,neutral,No strong learning signal is available yet.,monitor future results before changing strategy,heuristic
LEARN000274,2026-06-12T21:22:34,overstock_alert,P114,Tomatoes,S1,Added 12 units to store S1 through procurement.,executed,neutral,No strong learning signal is available yet.,monitor future results before changing strategy,heuristic
LEARN000275,2026-06-12T21:22:34,overstock_alert,P114,Tomatoes,S2,Added 25 units to store S2 through procurement.,executed,neutral,No strong learning signal is available yet.,monitor future results before changing strategy,heuristic
LEARN000276,2026-06-12T21:22:34,overstock_alert,P114,Tomatoes,S3,Added 15 units to store S3 through procurement.,executed,neutral,No strong learning signal is available yet.,monitor future results before changing strategy,heuristic
LEARN000277,2026-06-12T21:22:34,overstock_alert,P115,Potatoes,S1,Added 50 units to store S1 through procurement.,executed,neutral,No strong learning signal is available yet.,monitor future results before changing strategy,heuristic
LEARN000278,2026-06-12T21:22:34,overstock_alert,P116,Noodles Pack,S1,Added 9 units to store S3 through procurement.,executed,neutral,No strong learning signal is available yet.,monitor future results before changing strategy,heuristic
LEARN000279,2026-06-12T21:22:34,overstock_alert,P116,Noodles Pack,S2,Added 9 units to store S3 through procurement.,executed,neutral,No strong learning signal is available yet.,monitor future results before changing strategy,heuristic
LEARN000280,2026-06-12T21:22:34,discount,P102,Bread,S1,approved,,neutral,No strong learning signal is available yet.,monitor future results before changing strategy,heuristic
LEARN000281,2026-06-12T21:22:34,discount,P102,Bread,S2,Updated selling price from 35.00 to 31.50 (10.00% discount).,executed,neutral,No strong learning signal is available yet.,monitor future results before changing strategy,heuristic
LEARN000282,2026-06-12T21:22:34,discount,P106,Biscuits Pack,S3,approved,,neutral,No strong learning signal is available yet.,monitor future results before changing strategy,heuristic
LEARN000283,2026-06-12T21:22:34,overstock_alert,P111,Cheese,S1,Added 19 units to store S3 through procurement.,executed,neutral,No strong learning signal is available yet.,monitor future results before changing strategy,heuristic
LEARN000284,2026-06-12T21:22:34,overstock_alert,P114,Tomatoes,S1,Added 12 units to store S1 through procurement.,executed,neutral,No strong learning signal is available yet.,monitor future results before changing strategy,heuristic
LEARN000285,2026-06-12T21:22:34,overstock_alert,P114,Tomatoes,S2,Added 25 units to store S2 through procurement.,executed,neutral,No strong learning signal is available yet.,monitor future results before changing strategy,heuristic
LEARN000286,2026-06-12T21:22:34,overstock_alert,P114,Tomatoes,S3,Added 15 units to store S3 through procurement.,executed,neutral,No strong learning signal is available yet.,monitor future results before changing strategy,heuristic
LEARN000287,2026-06-12T21:22:34,overstock_alert,P115,Potatoes,S1,Added 50 units to store S1 through procurement.,executed,neutral,No strong learning signal is available yet.,monitor future results before changing strategy,heuristic
LEARN000288,2026-06-12T21:22:34,overstock_alert,P116,Noodles Pack,S1,Added 9 units to store S3 through procurement.,executed,neutral,No strong learning signal is available yet.,monitor future results before changing strategy,heuristic
LEARN000289,2026-06-12T21:22:34,overstock_alert,P116,Noodles Pack,S2,Added 9 units to store S3 through procurement.,executed,neutral,No strong learning signal is available yet.,monitor future results before changing strategy,heuristic
LEARN000290,2026-06-12T21:22:34,discount,P102,Bread,S1,approved,,neutral,No strong learning signal is available yet.,monitor future results before changing strategy,heuristic
LEARN000291,2026-06-12T21:22:34,discount,P102,Bread,S2,Updated selling price from 35.00 to 31.50 (10.00% discount).,executed,neutral,No strong learning signal is available yet.,monitor future results before changing strategy,heuristic
LEARN000292,2026-06-12T21:22:34,discount,P106,Biscuits Pack,S3,approved,,neutral,No strong learning signal is available yet.,monitor future results before changing strategy,heuristic
LEARN000293,2026-06-12T21:22:34,overstock_alert,P111,Cheese,S1,Added 19 units to store S3 through procurement.,executed,neutral,No strong learning signal is available yet.,monitor future results before changing strategy,heuristic
LEARN000294,2026-06-12T21:22:34,overstock_alert,P114,Tomatoes,S1,Added 12 units to store S1 through procurement.,executed,neutral,No strong learning signal is available yet.,monitor future results before changing strategy,heuristic
LEARN000295,2026-06-12T21:22:34,overstock_alert,P114,Tomatoes,S2,Added 25 units to store S2 through procurement.,executed,neutral,No strong learning signal is available yet.,monitor future results before changing strategy,heuristic
LEARN000296,2026-06-12T21:22:34,overstock_alert,P114,Tomatoes,S3,Added 15 units to store S3 through procurement.,executed,neutral,No strong learning signal is available yet.,monitor future results before changing strategy,heuristic
LEARN000297,2026-06-12T21:22:34,overstock_alert,P115,Potatoes,S1,Added 50 units to store S1 through procurement.,executed,neutral,No strong learning signal is available yet.,monitor future results before changing strategy,heuristic
LEARN000298,2026-06-12T21:22:34,overstock_alert,P116,Noodles Pack,S1,Added 9 units to store S3 through procurement.,executed,neutral,No strong learning signal is available yet.,monitor future results before changing strategy,heuristic
LEARN000299,2026-06-12T21:22:34,overstock_alert,P116,Noodles Pack,S2,Added 9 units to store S3 through procurement.,executed,neutral,No strong learning signal is available yet.,monitor future results before changing strategy,heuristic
LEARN000300,2026-06-12T21:22:34,discount,P102,Bread,S1,approved,,neutral,No strong learning signal is available yet.,monitor future results before changing strategy,heuristic
LEARN000301,2026-06-12T21:22:34,discount,P102,Bread,S2,Updated selling price from 35.00 to 31.50 (10.00% discount).,executed,neutral,No strong learning signal is available yet.,monitor future results before changing strategy,heuristic
LEARN000302,2026-06-12T21:22:34,discount,P106,Biscuits Pack,S3,approved,,neutral,No strong learning signal is available yet.,monitor future results before changing strategy,heuristic
LEARN000303,2026-06-12T21:22:34,overstock_alert,P111,Cheese,S1,Added 19 units to store S3 through procurement.,executed,neutral,No strong learning signal is available yet.,monitor future results before changing strategy,heuristic
LEARN000304,2026-06-12T21:22:34,overstock_alert,P114,Tomatoes,S1,Added 12 units to store S1 through procurement.,executed,neutral,No strong learning signal is available yet.,monitor future results before changing strategy,heuristic
LEARN000305,2026-06-12T21:22:34,overstock_alert,P114,Tomatoes,S2,Added 25 units to store S2 through procurement.,executed,neutral,No strong learning signal is available yet.,monitor future results before changing strategy,heuristic
LEARN000306,2026-06-12T21:22:34,overstock_alert,P114,Tomatoes,S3,Added 15 units to store S3 through procurement.,executed,neutral,No strong learning signal is available yet.,monitor future results before changing strategy,heuristic
LEARN000307,2026-06-12T21:22:34,overstock_alert,P115,Potatoes,S1,Added 50 units to store S1 through procurement.,executed,neutral,No strong learning signal is available yet.,monitor future results before changing strategy,heuristic
LEARN000308,2026-06-12T21:22:34,overstock_alert,P116,Noodles Pack,S1,Added 9 units to store S3 through procurement.,executed,neutral,No strong learning signal is available yet.,monitor future results before changing strategy,heuristic
LEARN000309,2026-06-12T21:22:34,overstock_alert,P116,Noodles Pack,S2,Added 9 units to store S3 through procurement.,executed,neutral,No strong learning signal is available yet.,monitor future results before changing strategy,heuristic
LEARN000310,2026-06-12T21:22:34,discount,P102,Bread,S1,approved,,neutral,No strong learning signal is available yet.,monitor future results before changing strategy,heuristic
LEARN000311,2026-06-12T21:22:34,discount,P102,Bread,S2,Updated selling price from 35.00 to 31.50 (10.00% discount).,executed,neutral,No strong learning signal is available yet.,monitor future results before changing strategy,heuristic
LEARN000312,2026-06-12T21:22:34,discount,P106,Biscuits Pack,S3,approved,,neutral,No strong learning signal is available yet.,monitor future results before changing strategy,heuristic
LEARN000313,2026-06-12T21:22:34,overstock_alert,P111,Cheese,S1,Added 19 units to store S3 through procurement.,executed,neutral,No strong learning signal is available yet.,monitor future results before changing strategy,heuristic
LEARN000314,2026-06-12T21:22:34,overstock_alert,P114,Tomatoes,S1,Added 12 units to store S1 through procurement.,executed,neutral,No strong learning signal is available yet.,monitor future results before changing strategy,heuristic
LEARN000315,2026-06-12T21:22:34,overstock_alert,P114,Tomatoes,S2,Added 25 units to store S2 through procurement.,executed,neutral,No strong learning signal is available yet.,monitor future results before changing strategy,heuristic
LEARN000316,2026-06-12T21:22:34,overstock_alert,P114,Tomatoes,S3,Added 15 units to store S3 through procurement.,executed,neutral,No strong learning signal is available yet.,monitor future results before changing strategy,heuristic
LEARN000317,2026-06-12T21:22:34,overstock_alert,P115,Potatoes,S1,Added 50 units to store S1 through procurement.,executed,neutral,No strong learning signal is available yet.,monitor future results before changing strategy,heuristic
LEARN000318,2026-06-12T21:22:34,overstock_alert,P116,Noodles Pack,S1,Added 9 units to store S3 through procurement.,executed,neutral,No strong learning signal is available yet.,monitor future results before changing strategy,heuristic
LEARN000319,2026-06-12T21:22:34,overstock_alert,P116,Noodles Pack,S2,Added 9 units to store S3 through procurement.,executed,neutral,No strong learning signal is available yet.,monitor future results before changing strategy,heuristic
LEARN000320,2026-06-12T21:22:34,discount,P106,Biscuits Pack,S1,approved,,neutral,No strong learning signal is available yet.,monitor future results before changing strategy,heuristic
LEARN000321,2026-06-12T21:22:34,clearance,P101,Milk,S1,Updated selling price from 35.00 to 31.50 (10.00% discount).,executed,neutral,No strong learning signal is available yet.,monitor future results before changing strategy,heuristic
LEARN000322,2026-06-12T21:22:34,clearance,P102,Bread,S3,approved,,neutral,No strong learning signal is available yet.,monitor future results before changing strategy,heuristic
LEARN000323,2026-06-12T21:22:34,reorder,P115,Potatoes,S3,Added 19 units to store S3 through procurement.,executed,neutral,No strong learning signal is available yet.,monitor future results before changing strategy,heuristic
LEARN000324,2026-06-12T21:22:34,reorder,P112,Bananas,S1,Added 12 units to store S1 through procurement.,executed,neutral,No strong learning signal is available yet.,monitor future results before changing strategy,heuristic
LEARN000325,2026-06-12T21:22:34,reorder,P113,Apples,S1,Added 25 units to store S2 through procurement.,executed,neutral,No strong learning signal is available yet.,monitor future results before changing strategy,heuristic
LEARN000326,2026-06-12T21:22:34,reorder,P114,Tomatoes,S3,Added 15 units to store S3 through procurement.,executed,neutral,No strong learning signal is available yet.,monitor future results before changing strategy,heuristic
LEARN000327,2026-06-12T21:22:34,reorder,P114,Tomatoes,S2,Added 50 units to store S1 through procurement.,executed,neutral,No strong learning signal is available yet.,monitor future results before changing strategy,heuristic
LEARN000328,2026-06-12T21:22:34,reorder,P118,Ice Cream,S3,Added 9 units to store S3 through procurement.,executed,neutral,No strong learning signal is available yet.,monitor future results before changing strategy,heuristic
LEARN000329,2026-06-12T21:22:34,reorder,P112,Bananas,S3,Added 9 units to store S3 through procurement.,executed,neutral,No strong learning signal is available yet.,monitor future results before changing strategy,heuristic
LEARN000330,2026-06-12T21:22:34,discount,P106,Biscuits Pack,S1,approved,,neutral,No strong learning signal is available yet.,monitor future results before changing strategy,heuristic
LEARN000331,2026-06-12T21:22:34,clearance,P101,Milk,S1,Updated selling price from 35.00 to 31.50 (10.00% discount).,executed,neutral,No strong learning signal is available yet.,monitor future results before changing strategy,heuristic
LEARN000332,2026-06-12T21:22:34,clearance,P102,Bread,S3,approved,,neutral,No strong learning signal is available yet.,monitor future results before changing strategy,heuristic
LEARN000333,2026-06-12T21:22:34,reorder,P115,Potatoes,S3,Added 19 units to store S3 through procurement.,executed,neutral,No strong learning signal is available yet.,monitor future results before changing strategy,heuristic
LEARN000334,2026-06-12T21:22:34,reorder,P112,Bananas,S1,Added 12 units to store S1 through procurement.,executed,neutral,No strong learning signal is available yet.,monitor future results before changing strategy,heuristic
LEARN000335,2026-06-12T21:22:34,reorder,P113,Apples,S1,Added 25 units to store S2 through procurement.,executed,neutral,No strong learning signal is available yet.,monitor future results before changing strategy,heuristic
LEARN000336,2026-06-12T21:22:34,reorder,P114,Tomatoes,S3,Added 15 units to store S3 through procurement.,executed,neutral,No strong learning signal is available yet.,monitor future results before changing strategy,heuristic
LEARN000337,2026-06-12T21:22:34,reorder,P114,Tomatoes,S2,Added 50 units to store S1 through procurement.,executed,neutral,No strong learning signal is available yet.,monitor future results before changing strategy,heuristic
LEARN000338,2026-06-12T21:22:34,reorder,P118,Ice Cream,S3,Added 9 units to store S3 through procurement.,executed,neutral,No strong learning signal is available yet.,monitor future results before changing strategy,heuristic
LEARN000339,2026-06-12T21:22:34,reorder,P112,Bananas,S3,Added 9 units to store S3 through procurement.,executed,neutral,No strong learning signal is available yet.,monitor future results before changing strategy,heuristic
LEARN000340,2026-06-12T21:22:34,discount,P106,Biscuits Pack,S1,approved,,neutral,No strong learning signal is available yet.,monitor future results before changing strategy,heuristic
LEARN000341,2026-06-12T21:22:34,clearance,P101,Milk,S1,Updated selling price from 35.00 to 31.50 (10.00% discount).,executed,neutral,No strong learning signal is available yet.,monitor future results before changing strategy,heuristic
LEARN000342,2026-06-12T21:22:34,clearance,P102,Bread,S3,approved,,neutral,No strong learning signal is available yet.,monitor future results before changing strategy,heuristic
LEARN000343,2026-06-12T21:22:34,reorder,P115,Potatoes,S3,Added 19 units to store S3 through procurement.,executed,neutral,No strong learning signal is available yet.,monitor future results before changing strategy,heuristic
LEARN000344,2026-06-12T21:22:34,reorder,P112,Bananas,S1,Added 12 units to store S1 through procurement.,executed,neutral,No strong learning signal is available yet.,monitor future results before changing strategy,heuristic
LEARN000345,2026-06-12T21:22:34,reorder,P113,Apples,S1,Added 25 units to store S2 through procurement.,executed,neutral,No strong learning signal is available yet.,monitor future results before changing strategy,heuristic
LEARN000346,2026-06-12T21:22:34,reorder,P114,Tomatoes,S3,Added 15 units to store S3 through procurement.,executed,neutral,No strong learning signal is available yet.,monitor future results before changing strategy,heuristic
LEARN000347,2026-06-12T21:22:34,reorder,P114,Tomatoes,S2,Added 50 units to store S1 through procurement.,executed,neutral,No strong learning signal is available yet.,monitor future results before changing strategy,heuristic
LEARN000348,2026-06-12T21:22:34,reorder,P118,Ice Cream,S3,Added 9 units to store S3 through procurement.,executed,neutral,No strong learning signal is available yet.,monitor future results before changing strategy,heuristic
LEARN000349,2026-06-12T21:22:34,reorder,P112,Bananas,S3,Added 9 units to store S3 through procurement.,executed,neutral,No strong learning signal is available yet.,monitor future results before changing strategy,heuristic
LEARN000350,2026-06-12T21:22:34,discount,P106,Biscuits Pack,S1,approved,,neutral,No strong learning signal is available yet.,monitor future results before changing strategy,heuristic
LEARN000351,2026-06-12T21:22:34,clearance,P101,Milk,S1,Updated selling price from 35.00 to 31.50 (10.00% discount).,executed,neutral,No strong learning signal is available yet.,monitor future results before changing strategy,heuristic
LEARN000352,2026-06-12T21:22:34,clearance,P102,Bread,S3,approved,,neutral,No strong learning signal is available yet.,monitor future results before changing strategy,heuristic
LEARN000353,2026-06-12T21:22:34,reorder,P115,Potatoes,S3,Added 19 units to store S3 through procurement.,executed,neutral,No strong learning signal is available yet.,monitor future results before changing strategy,heuristic
LEARN000354,2026-06-12T21:22:34,reorder,P112,Bananas,S1,Added 12 units to store S1 through procurement.,executed,neutral,No strong learning signal is available yet.,monitor future results before changing strategy,heuristic
LEARN000355,2026-06-12T21:22:34,reorder,P113,Apples,S1,Added 25 units to store S2 through procurement.,executed,neutral,No strong learning signal is available yet.,monitor future results before changing strategy,heuristic
LEARN000356,2026-06-12T21:22:34,reorder,P114,Tomatoes,S3,Added 15 units to store S3 through procurement.,executed,neutral,No strong learning signal is available yet.,monitor future results before changing strategy,heuristic
LEARN000357,2026-06-12T21:22:34,reorder,P114,Tomatoes,S2,Added 50 units to store S1 through procurement.,executed,neutral,No strong learning signal is available yet.,monitor future results before changing strategy,heuristic
LEARN000358,2026-06-12T21:22:34,reorder,P118,Ice Cream,S3,Added 9 units to store S3 through procurement.,executed,neutral,No strong learning signal is available yet.,monitor future results before changing strategy,heuristic
LEARN000359,2026-06-12T21:22:34,reorder,P112,Bananas,S3,Added 9 units to store S3 through procurement.,executed,neutral,No strong learning signal is available yet.,monitor future results before changing strategy,heuristic
LEARN000360,2026-06-12T21:22:34,discount,P106,Biscuits Pack,S1,approved,,neutral,No strong learning signal is available yet.,monitor future results before changing strategy,heuristic
LEARN000361,2026-06-12T21:22:34,clearance,P101,Milk,S1,Updated selling price from 35.00 to 31.50 (10.00% discount).,executed,neutral,No strong learning signal is available yet.,monitor future results before changing strategy,heuristic
LEARN000362,2026-06-12T21:22:34,clearance,P102,Bread,S3,approved,,neutral,No strong learning signal is available yet.,monitor future results before changing strategy,heuristic
LEARN000363,2026-06-12T21:22:34,reorder,P115,Potatoes,S3,Added 19 units to store S3 through procurement.,executed,neutral,No strong learning signal is available yet.,monitor future results before changing strategy,heuristic
LEARN000364,2026-06-12T21:22:34,reorder,P112,Bananas,S1,Added 12 units to store S1 through procurement.,executed,neutral,No strong learning signal is available yet.,monitor future results before changing strategy,heuristic
LEARN000365,2026-06-12T21:22:34,reorder,P113,Apples,S1,Added 25 units to store S2 through procurement.,executed,neutral,No strong learning signal is available yet.,monitor future results before changing strategy,heuristic
LEARN000366,2026-06-12T21:22:34,reorder,P114,Tomatoes,S3,Added 15 units to store S3 through procurement.,executed,neutral,No strong learning signal is available yet.,monitor future results before changing strategy,heuristic
LEARN000367,2026-06-12T21:22:34,reorder,P114,Tomatoes,S2,Added 50 units to store S1 through procurement.,executed,neutral,No strong learning signal is available yet.,monitor future results before changing strategy,heuristic
LEARN000368,2026-06-12T21:22:34,reorder,P118,Ice Cream,S3,Added 9 units to store S3 through procurement.,executed,neutral,No strong learning signal is available yet.,monitor future results before changing strategy,heuristic
LEARN000369,2026-06-12T21:22:34,reorder,P112,Bananas,S3,Added 9 units to store S3 through procurement.,executed,neutral,No strong learning signal is available yet.,monitor future results before changing strategy,heuristic
LEARN000370,2026-06-12T21:22:34,discount,P106,Biscuits Pack,S1,approved,,neutral,No strong learning signal is available yet.,monitor future results before changing strategy,heuristic
LEARN000371,2026-06-12T21:22:34,clearance,P101,Milk,S1,Updated selling price from 35.00 to 31.50 (10.00% discount).,executed,neutral,No strong learning signal is available yet.,monitor future results before changing strategy,heuristic
LEARN000372,2026-06-12T21:22:34,clearance,P102,Bread,S3,approved,,neutral,No strong learning signal is available yet.,monitor future results before changing strategy,heuristic
LEARN000373,2026-06-12T21:22:34,reorder,P115,Potatoes,S3,Added 19 units to store S3 through procurement.,executed,neutral,No strong learning signal is available yet.,monitor future results before changing strategy,heuristic
LEARN000374,2026-06-12T21:22:34,reorder,P112,Bananas,S1,Added 12 units to store S1 through procurement.,executed,neutral,No strong learning signal is available yet.,monitor future results before changing strategy,heuristic
LEARN000375,2026-06-12T21:22:34,reorder,P113,Apples,S1,Added 25 units to store S2 through procurement.,executed,neutral,No strong learning signal is available yet.,monitor future results before changing strategy,heuristic
LEARN000376,2026-06-12T21:22:34,reorder,P114,Tomatoes,S3,Added 15 units to store S3 through procurement.,executed,neutral,No strong learning signal is available yet.,monitor future results before changing strategy,heuristic
LEARN000377,2026-06-12T21:22:34,reorder,P114,Tomatoes,S2,Added 50 units to store S1 through procurement.,executed,neutral,No strong learning signal is available yet.,monitor future results before changing strategy,heuristic
LEARN000378,2026-06-12T21:22:34,reorder,P118,Ice Cream,S3,Added 9 units to store S3 through procurement.,executed,neutral,No strong learning signal is available yet.,monitor future results before changing strategy,heuristic
LEARN000379,2026-06-12T21:22:34,reorder,P112,Bananas,S3,Added 9 units to store S3 through procurement.,executed,neutral,No strong learning signal is available yet.,monitor future results before changing strategy,heuristic
LEARN000380,2026-06-12T21:22:34,discount,P106,Biscuits Pack,S1,approved,,neutral,No strong learning signal is available yet.,monitor future results before changing strategy,heuristic
LEARN000381,2026-06-12T21:22:34,clearance,P101,Milk,S1,Updated selling price from 35.00 to 31.50 (10.00% discount).,executed,neutral,No strong learning signal is available yet.,monitor future results before changing strategy,heuristic
LEARN000382,2026-06-12T21:22:34,clearance,P102,Bread,S3,approved,,neutral,No strong learning signal is available yet.,monitor future results before changing strategy,heuristic
LEARN000383,2026-06-12T21:22:34,reorder,P115,Potatoes,S3,Added 19 units to store S3 through procurement.,executed,neutral,No strong learning signal is available yet.,monitor future results before changing strategy,heuristic
LEARN000384,2026-06-12T21:22:34,reorder,P112,Bananas,S1,Added 12 units to store S1 through procurement.,executed,neutral,No strong learning signal is available yet.,monitor future results before changing strategy,heuristic
LEARN000385,2026-06-12T21:22:34,reorder,P113,Apples,S1,Added 25 units to store S2 through procurement.,executed,neutral,No strong learning signal is available yet.,monitor future results before changing strategy,heuristic
LEARN000386,2026-06-12T21:22:34,reorder,P114,Tomatoes,S3,Added 15 units to store S3 through procurement.,executed,neutral,No strong learning signal is available yet.,monitor future results before changing strategy,heuristic
LEARN000387,2026-06-12T21:22:34,reorder,P114,Tomatoes,S2,Added 50 units to store S1 through procurement.,executed,neutral,No strong learning signal is available yet.,monitor future results before changing strategy,heuristic
LEARN000388,2026-06-12T21:22:34,reorder,P118,Ice Cream,S3,Added 9 units to store S3 through procurement.,executed,neutral,No strong learning signal is available yet.,monitor future results before changing strategy,heuristic
LEARN000389,2026-06-12T21:22:34,reorder,P112,Bananas,S3,Added 9 units to store S3 through procurement.,executed,neutral,No strong learning signal is available yet.,monitor future results before changing strategy,heuristic
LEARN000390,2026-06-12T21:22:34,discount,P106,Biscuits Pack,S1,approved,,neutral,No strong learning signal is available yet.,monitor future results before changing strategy,heuristic
LEARN000391,2026-06-12T21:22:34,clearance,P101,Milk,S1,Updated selling price from 35.00 to 31.50 (10.00% discount).,executed,neutral,No strong learning signal is available yet.,monitor future results before changing strategy,heuristic
LEARN000392,2026-06-12T21:22:34,clearance,P102,Bread,S3,approved,,neutral,No strong learning signal is available yet.,monitor future results before changing strategy,heuristic
LEARN000393,2026-06-12T21:22:34,reorder,P115,Potatoes,S3,Added 19 units to store S3 through procurement.,executed,neutral,No strong learning signal is available yet.,monitor future results before changing strategy,heuristic
LEARN000394,2026-06-12T21:22:34,reorder,P112,Bananas,S1,Added 12 units to store S1 through procurement.,executed,neutral,No strong learning signal is available yet.,monitor future results before changing strategy,heuristic
LEARN000395,2026-06-12T21:22:34,reorder,P113,Apples,S1,Added 25 units to store S2 through procurement.,executed,neutral,No strong learning signal is available yet.,monitor future results before changing strategy,heuristic
LEARN000396,2026-06-12T21:22:34,reorder,P114,Tomatoes,S3,Added 15 units to store S3 through procurement.,executed,neutral,No strong learning signal is available yet.,monitor future results before changing strategy,heuristic
LEARN000397,2026-06-12T21:22:34,reorder,P114,Tomatoes,S2,Added 50 units to store S1 through procurement.,executed,neutral,No strong learning signal is available yet.,monitor future results before changing strategy,heuristic
LEARN000398,2026-06-12T21:22:34,reorder,P118,Ice Cream,S3,Added 9 units to store S3 through procurement.,executed,neutral,No strong learning signal is available yet.,monitor future results before changing strategy,heuristic
LEARN000399,2026-06-12T21:22:34,reorder,P112,Bananas,S3,Added 9 units to store S3 through procurement.,executed,neutral,No strong learning signal is available yet.,monitor future results before changing strategy,heuristic
LEARN000400,2026-06-12T21:22:34,discount,P106,Biscuits Pack,S1,approved,,neutral,No strong learning signal is available yet.,monitor future results before changing strategy,heuristic
LEARN000401,2026-06-12T21:22:34,clearance,P101,Milk,S1,Updated selling price from 35.00 to 31.50 (10.00% discount).,executed,neutral,No strong learning signal is available yet.,monitor future results before changing strategy,heuristic
LEARN000402,2026-06-12T21:22:34,clearance,P102,Bread,S3,approved,,neutral,No strong learning signal is available yet.,monitor future results before changing strategy,heuristic
LEARN000403,2026-06-12T21:22:34,reorder,P115,Potatoes,S3,Added 19 units to store S3 through procurement.,executed,neutral,No strong learning signal is available yet.,monitor future results before changing strategy,heuristic
LEARN000404,2026-06-12T21:22:34,reorder,P112,Bananas,S1,Added 12 units to store S1 through procurement.,executed,neutral,No strong learning signal is available yet.,monitor future results before changing strategy,heuristic
LEARN000405,2026-06-12T21:22:34,reorder,P113,Apples,S1,Added 25 units to store S2 through procurement.,executed,neutral,No strong learning signal is available yet.,monitor future results before changing strategy,heuristic
LEARN000406,2026-06-12T21:22:34,reorder,P114,Tomatoes,S3,Added 15 units to store S3 through procurement.,executed,neutral,No strong learning signal is available yet.,monitor future results before changing strategy,heuristic
LEARN000407,2026-06-12T21:22:34,reorder,P114,Tomatoes,S2,Added 50 units to store S1 through procurement.,executed,neutral,No strong learning signal is available yet.,monitor future results before changing strategy,heuristic
LEARN000408,2026-06-12T21:22:34,reorder,P118,Ice Cream,S3,Added 9 units to store S3 through procurement.,executed,neutral,No strong learning signal is available yet.,monitor future results before changing strategy,heuristic
LEARN000409,2026-06-12T21:22:34,reorder,P112,Bananas,S3,Added 9 units to store S3 through procurement.,executed,neutral,No strong learning signal is available yet.,monitor future results before changing strategy,heuristic
LEARN000410,2026-06-12T21:22:34,discount,P106,Biscuits Pack,S1,approved,,neutral,No strong learning signal is available yet.,monitor future results before changing strategy,heuristic
LEARN000411,2026-06-12T21:22:34,clearance,P101,Milk,S1,Updated selling price from 35.00 to 31.50 (10.00% discount).,executed,neutral,No strong learning signal is available yet.,monitor future results before changing strategy,heuristic
LEARN000412,2026-06-12T21:22:34,clearance,P102,Bread,S3,approved,,neutral,No strong learning signal is available yet.,monitor future results before changing strategy,heuristic
LEARN000413,2026-06-12T21:22:34,reorder,P115,Potatoes,S3,Added 19 units to store S3 through procurement.,executed,neutral,No strong learning signal is available yet.,monitor future results before changing strategy,heuristic
LEARN000414,2026-06-12T21:22:34,reorder,P112,Bananas,S1,Added 12 units to store S1 through procurement.,executed,neutral,No strong learning signal is available yet.,monitor future results before changing strategy,heuristic
LEARN000415,2026-06-12T21:22:34,reorder,P113,Apples,S1,Added 25 units to store S2 through procurement.,executed,neutral,No strong learning signal is available yet.,monitor future results before changing strategy,heuristic
LEARN000416,2026-06-12T21:22:34,reorder,P114,Tomatoes,S3,Added 15 units to store S3 through procurement.,executed,neutral,No strong learning signal is available yet.,monitor future results before changing strategy,heuristic
LEARN000417,2026-06-12T21:22:34,reorder,P114,Tomatoes,S2,Added 50 units to store S1 through procurement.,executed,neutral,No strong learning signal is available yet.,monitor future results before changing strategy,heuristic
LEARN000418,2026-06-12T21:22:34,reorder,P118,Ice Cream,S3,Added 9 units to store S3 through procurement.,executed,neutral,No strong learning signal is available yet.,monitor future results before changing strategy,heuristic
LEARN000419,2026-06-12T21:22:34,reorder,P112,Bananas,S3,Added 9 units to store S3 through procurement.,executed,neutral,No strong learning signal is available yet.,monitor future results before changing strategy,heuristic
LEARN000420,2026-06-12T21:22:34,discount,P106,Biscuits Pack,S1,approved,,neutral,No strong learning signal is available yet.,monitor future results before changing strategy,heuristic
LEARN000421,2026-06-12T21:22:34,clearance,P101,Milk,S1,Updated selling price from 35.00 to 31.50 (10.00% discount).,executed,neutral,No strong learning signal is available yet.,monitor future results before changing strategy,heuristic
LEARN000422,2026-06-12T21:22:34,clearance,P102,Bread,S3,approved,,neutral,No strong learning signal is available yet.,monitor future results before changing strategy,heuristic
LEARN000423,2026-06-12T21:22:34,reorder,P115,Potatoes,S3,Added 19 units to store S3 through procurement.,executed,neutral,No strong learning signal is available yet.,monitor future results before changing strategy,heuristic
LEARN000424,2026-06-12T21:22:34,reorder,P112,Bananas,S1,Added 12 units to store S1 through procurement.,executed,neutral,No strong learning signal is available yet.,monitor future results before changing strategy,heuristic
LEARN000425,2026-06-12T21:22:34,reorder,P113,Apples,S1,Added 25 units to store S2 through procurement.,executed,neutral,No strong learning signal is available yet.,monitor future results before changing strategy,heuristic
LEARN000426,2026-06-12T21:22:34,reorder,P114,Tomatoes,S3,Added 15 units to store S3 through procurement.,executed,neutral,No strong learning signal is available yet.,monitor future results before changing strategy,heuristic
LEARN000427,2026-06-12T21:22:34,reorder,P114,Tomatoes,S2,Added 50 units to store S1 through procurement.,executed,neutral,No strong learning signal is available yet.,monitor future results before changing strategy,heuristic
LEARN000428,2026-06-12T21:22:34,reorder,P118,Ice Cream,S3,Added 9 units to store S3 through procurement.,executed,neutral,No strong learning signal is available yet.,monitor future results before changing strategy,heuristic
LEARN000429,2026-06-12T21:22:34,reorder,P112,Bananas,S3,Added 9 units to store S3 through procurement.,executed,neutral,No strong learning signal is available yet.,monitor future results before changing strategy,heuristic
LEARN000430,2026-06-12T21:22:34,discount,P106,Biscuits Pack,S1,approved,,neutral,No strong learning signal is available yet.,monitor future results before changing strategy,heuristic
LEARN000431,2026-06-12T21:22:34,clearance,P101,Milk,S1,Updated selling price from 35.00 to 31.50 (10.00% discount).,executed,neutral,No strong learning signal is available yet.,monitor future results before changing strategy,heuristic
LEARN000432,2026-06-12T21:22:34,clearance,P102,Bread,S3,approved,,neutral,No strong learning signal is available yet.,monitor future results before changing strategy,heuristic
LEARN000433,2026-06-12T21:22:34,reorder,P115,Potatoes,S3,Added 19 units to store S3 through procurement.,executed,neutral,No strong learning signal is available yet.,monitor future results before changing strategy,heuristic
LEARN000434,2026-06-12T21:22:34,reorder,P112,Bananas,S1,Added 12 units to store S1 through procurement.,executed,neutral,No strong learning signal is available yet.,monitor future results before changing strategy,heuristic
LEARN000435,2026-06-12T21:22:34,reorder,P113,Apples,S1,Added 25 units to store S2 through procurement.,executed,neutral,No strong learning signal is available yet.,monitor future results before changing strategy,heuristic
LEARN000436,2026-06-12T21:22:34,reorder,P114,Tomatoes,S3,Added 15 units to store S3 through procurement.,executed,neutral,No strong learning signal is available yet.,monitor future results before changing strategy,heuristic
LEARN000437,2026-06-12T21:22:34,reorder,P114,Tomatoes,S2,Added 50 units to store S1 through procurement.,executed,neutral,No strong learning signal is available yet.,monitor future results before changing strategy,heuristic
LEARN000438,2026-06-12T21:22:34,reorder,P118,Ice Cream,S3,Added 9 units to store S3 through procurement.,executed,neutral,No strong learning signal is available yet.,monitor future results before changing strategy,heuristic
LEARN000439,2026-06-12T21:22:34,reorder,P112,Bananas,S3,Added 9 units to store S3 through procurement.,executed,neutral,No strong learning signal is available yet.,monitor future results before changing strategy,heuristic
LEARN000440,2026-06-12T21:22:34,discount,P106,Biscuits Pack,S1,approved,,neutral,No strong learning signal is available yet.,monitor future results before changing strategy,heuristic
LEARN000441,2026-06-12T21:22:34,clearance,P101,Milk,S1,Updated selling price from 35.00 to 31.50 (10.00% discount).,executed,neutral,No strong learning signal is available yet.,monitor future results before changing strategy,heuristic
LEARN000442,2026-06-12T21:22:34,clearance,P102,Bread,S3,approved,,neutral,No strong learning signal is available yet.,monitor future results before changing strategy,heuristic
LEARN000443,2026-06-12T21:22:34,reorder,P115,Potatoes,S3,Added 19 units to store S3 through procurement.,executed,neutral,No strong learning signal is available yet.,monitor future results before changing strategy,heuristic
LEARN000444,2026-06-12T21:22:34,reorder,P112,Bananas,S1,Added 12 units to store S1 through procurement.,executed,neutral,No strong learning signal is available yet.,monitor future results before changing strategy,heuristic
LEARN000445,2026-06-12T21:22:34,reorder,P113,Apples,S1,Added 25 units to store S2 through procurement.,executed,neutral,No strong learning signal is available yet.,monitor future results before changing strategy,heuristic
LEARN000446,2026-06-12T21:22:34,reorder,P114,Tomatoes,S3,Added 15 units to store S3 through procurement.,executed,neutral,No strong learning signal is available yet.,monitor future results before changing strategy,heuristic
LEARN000447,2026-06-12T21:22:34,reorder,P114,Tomatoes,S2,Added 50 units to store S1 through procurement.,executed,neutral,No strong learning signal is available yet.,monitor future results before changing strategy,heuristic
LEARN000448,2026-06-12T21:22:34,reorder,P118,Ice Cream,S3,Added 9 units to store S3 through procurement.,executed,neutral,No strong learning signal is available yet.,monitor future results before changing strategy,heuristic
LEARN000449,2026-06-12T21:22:34,reorder,P112,Bananas,S3,Added 9 units to store S3 through procurement.,executed,neutral,No strong learning signal is available yet.,monitor future results before changing strategy,heuristic
LEARN000450,2026-06-12T21:22:34,discount,P106,Biscuits Pack,S1,approved,,neutral,No strong learning signal is available yet.,monitor future results before changing strategy,heuristic
LEARN000451,2026-06-12T21:22:34,clearance,P101,Milk,S1,Updated selling price from 35.00 to 31.50 (10.00% discount).,executed,neutral,No strong learning signal is available yet.,monitor future results before changing strategy,heuristic
LEARN000452,2026-06-12T21:22:34,clearance,P102,Bread,S3,approved,,neutral,No strong learning signal is available yet.,monitor future results before changing strategy,heuristic
LEARN000453,2026-06-12T21:22:34,reorder,P115,Potatoes,S3,Added 19 units to store S3 through procurement.,executed,neutral,No strong learning signal is available yet.,monitor future results before changing strategy,heuristic
LEARN000454,2026-06-12T21:22:34,reorder,P112,Bananas,S1,Added 12 units to store S1 through procurement.,executed,neutral,No strong learning signal is available yet.,monitor future results before changing strategy,heuristic
LEARN000455,2026-06-12T21:22:34,reorder,P113,Apples,S1,Added 25 units to store S2 through procurement.,executed,neutral,No strong learning signal is available yet.,monitor future results before changing strategy,heuristic
LEARN000456,2026-06-12T21:22:34,reorder,P114,Tomatoes,S3,Added 15 units to store S3 through procurement.,executed,neutral,No strong learning signal is available yet.,monitor future results before changing strategy,heuristic
LEARN000457,2026-06-12T21:22:34,reorder,P114,Tomatoes,S2,Added 50 units to store S1 through procurement.,executed,neutral,No strong learning signal is available yet.,monitor future results before changing strategy,heuristic
LEARN000458,2026-06-12T21:22:34,reorder,P118,Ice Cream,S3,Added 9 units to store S3 through procurement.,executed,neutral,No strong learning signal is available yet.,monitor future results before changing strategy,heuristic
LEARN000459,2026-06-12T21:22:34,reorder,P112,Bananas,S3,Added 9 units to store S3 through procurement.,executed,neutral,No strong learning signal is available yet.,monitor future results before changing strategy,heuristic
LEARN000460,2026-06-12T21:22:34,discount,P106,Biscuits Pack,S1,approved,,neutral,No strong learning signal is available yet.,monitor future results before changing strategy,heuristic
LEARN000461,2026-06-12T21:22:34,clearance,P101,Milk,S1,Updated selling price from 35.00 to 31.50 (10.00% discount).,executed,neutral,No strong learning signal is available yet.,monitor future results before changing strategy,heuristic
LEARN000462,2026-06-12T21:22:34,clearance,P102,Bread,S3,approved,,neutral,No strong learning signal is available yet.,monitor future results before changing strategy,heuristic
LEARN000463,2026-06-12T21:22:34,reorder,P115,Potatoes,S3,Added 19 units to store S3 through procurement.,executed,neutral,No strong learning signal is available yet.,monitor future results before changing strategy,heuristic
LEARN000464,2026-06-12T21:22:34,reorder,P112,Bananas,S1,Added 12 units to store S1 through procurement.,executed,neutral,No strong learning signal is available yet.,monitor future results before changing strategy,heuristic
LEARN000465,2026-06-12T21:22:34,reorder,P113,Apples,S1,Added 25 units to store S2 through procurement.,executed,neutral,No strong learning signal is available yet.,monitor future results before changing strategy,heuristic
LEARN000466,2026-06-12T21:22:34,reorder,P114,Tomatoes,S3,Added 15 units to store S3 through procurement.,executed,neutral,No strong learning signal is available yet.,monitor future results before changing strategy,heuristic
LEARN000467,2026-06-12T21:22:34,reorder,P114,Tomatoes,S2,Added 50 units to store S1 through procurement.,executed,neutral,No strong learning signal is available yet.,monitor future results before changing strategy,heuristic
LEARN000468,2026-06-12T21:22:34,reorder,P118,Ice Cream,S3,Added 9 units to store S3 through procurement.,executed,neutral,No strong learning signal is available yet.,monitor future results before changing strategy,heuristic
LEARN000469,2026-06-12T21:22:34,reorder,P112,Bananas,S3,Added 9 units to store S3 through procurement.,executed,neutral,No strong learning signal is available yet.,monitor future results before changing strategy,heuristic
LEARN000470,2026-06-12T21:22:34,discount,P106,Biscuits Pack,S1,approved,,neutral,No strong learning signal is available yet.,monitor future results before changing strategy,heuristic
LEARN000471,2026-06-12T21:22:34,clearance,P101,Milk,S1,Updated selling price from 35.00 to 31.50 (10.00% discount).,executed,neutral,No strong learning signal is available yet.,monitor future results before changing strategy,heuristic
LEARN000472,2026-06-12T21:22:34,clearance,P102,Bread,S3,approved,,neutral,No strong learning signal is available yet.,monitor future results before changing strategy,heuristic
LEARN000473,2026-06-12T21:22:34,reorder,P115,Potatoes,S3,Added 19 units to store S3 through procurement.,executed,neutral,No strong learning signal is available yet.,monitor future results before changing strategy,heuristic
LEARN000474,2026-06-12T21:22:34,reorder,P112,Bananas,S1,Added 12 units to store S1 through procurement.,executed,neutral,No strong learning signal is available yet.,monitor future results before changing strategy,heuristic
LEARN000475,2026-06-12T21:22:34,reorder,P113,Apples,S1,Added 25 units to store S2 through procurement.,executed,neutral,No strong learning signal is available yet.,monitor future results before changing strategy,heuristic
LEARN000476,2026-06-12T21:22:34,reorder,P114,Tomatoes,S3,Added 15 units to store S3 through procurement.,executed,neutral,No strong learning signal is available yet.,monitor future results before changing strategy,heuristic
LEARN000477,2026-06-12T21:22:34,reorder,P114,Tomatoes,S2,Added 50 units to store S1 through procurement.,executed,neutral,No strong learning signal is available yet.,monitor future results before changing strategy,heuristic
LEARN000478,2026-06-12T21:22:34,reorder,P118,Ice Cream,S3,Added 9 units to store S3 through procurement.,executed,neutral,No strong learning signal is available yet.,monitor future results before changing strategy,heuristic
LEARN000479,2026-06-12T21:22:34,reorder,P112,Bananas,S3,Added 9 units to store S3 through procurement.,executed,neutral,No strong learning signal is available yet.,monitor future results before changing strategy,heuristic
LEARN000480,2026-06-12T21:22:34,discount,P106,Biscuits Pack,S1,approved,,neutral,No strong learning signal is available yet.,monitor future results before changing strategy,heuristic
LEARN000481,2026-06-12T21:22:34,clearance,P101,Milk,S1,Updated selling price from 35.00 to 31.50 (10.00% discount).,executed,neutral,No strong learning signal is available yet.,monitor future results before changing strategy,heuristic
LEARN000482,2026-06-12T21:22:34,clearance,P102,Bread,S3,approved,,neutral,No strong learning signal is available yet.,monitor future results before changing strategy,heuristic
LEARN000483,2026-06-12T21:22:34,reorder,P115,Potatoes,S3,Added 19 units to store S3 through procurement.,executed,neutral,No strong learning signal is available yet.,monitor future results before changing strategy,heuristic
LEARN000484,2026-06-12T21:22:34,reorder,P112,Bananas,S1,Added 12 units to store S1 through procurement.,executed,neutral,No strong learning signal is available yet.,monitor future results before changing strategy,heuristic
LEARN000485,2026-06-12T21:22:34,reorder,P113,Apples,S1,Added 25 units to store S2 through procurement.,executed,neutral,No strong learning signal is available yet.,monitor future results before changing strategy,heuristic
LEARN000486,2026-06-12T21:22:34,reorder,P114,Tomatoes,S3,Added 15 units to store S3 through procurement.,executed,neutral,No strong learning signal is available yet.,monitor future results before changing strategy,heuristic
LEARN000487,2026-06-12T21:22:34,reorder,P114,Tomatoes,S2,Added 50 units to store S1 through procurement.,executed,neutral,No strong learning signal is available yet.,monitor future results before changing strategy,heuristic
LEARN000488,2026-06-12T21:22:34,reorder,P118,Ice Cream,S3,Added 9 units to store S3 through procurement.,executed,neutral,No strong learning signal is available yet.,monitor future results before changing strategy,heuristic
LEARN000489,2026-06-12T21:22:34,reorder,P112,Bananas,S3,Added 9 units to store S3 through procurement.,executed,neutral,No strong learning signal is available yet.,monitor future results before changing strategy,heuristic
LEARN000490,2026-06-12T21:22:34,discount,102,16 oz Clear Cold Cups Case,1,approved,,neutral,No strong learning signal is available yet.,monitor future results before changing strategy,heuristic
LEARN000491,2026-06-12T21:22:34,clearance,202,Multi-Surface Cleaner Gallon Case,1,Updated selling price from 35.00 to 31.50 (10.00% discount).,executed,neutral,No strong learning signal is available yet.,monitor future results before changing strategy,heuristic
LEARN000492,2026-06-12T21:22:34,clearance,304,High Visibility Safety Vest Pack,1,approved,,neutral,No strong learning signal is available yet.,monitor future results before changing strategy,heuristic
LEARN000493,2026-06-12T21:22:34,overstock_alert,203,Disinfectant Wipes Bucket,1,Added 19 units to store S3 through procurement.,executed,neutral,No strong learning signal is available yet.,monitor future results before changing strategy,heuristic
LEARN000494,2026-06-12T21:22:34,overstock_alert,303,Disposable Face Masks Case,1,Added 12 units to store S1 through procurement.,executed,neutral,No strong learning signal is available yet.,monitor future results before changing strategy,heuristic
LEARN000495,2026-06-12T21:22:34,overstock_alert,304,High Visibility Safety Vest Pack,1,Added 25 units to store S2 through procurement.,executed,neutral,No strong learning signal is available yet.,monitor future results before changing strategy,heuristic
LEARN000496,2026-06-12T21:22:34,overstock_alert,403,Copy Paper Case,1,Added 15 units to store S3 through procurement.,executed,neutral,No strong learning signal is available yet.,monitor future results before changing strategy,heuristic
LEARN000497,2026-06-12T21:22:34,overstock_alert,404,Pallet Stretch Film Case,1,Added 50 units to store S1 through procurement.,executed,neutral,No strong learning signal is available yet.,monitor future results before changing strategy,heuristic
LEARN000498,2026-06-12T21:22:34,overstock_alert,101,12 oz Paper Hot Cups Case,2,Added 9 units to store S3 through procurement.,executed,neutral,No strong learning signal is available yet.,monitor future results before changing strategy,heuristic
LEARN000499,2026-06-12T21:22:34,overstock_alert,102,16 oz Clear Cold Cups Case,2,Added 9 units to store S3 through procurement.,executed,neutral,No strong learning signal is available yet.,monitor future results before changing strategy,heuristic
